layer,nodeName,meshName,reason
"muscles","External abdominal oblique muscle.l","External abdominal oblique muscle.001","No canonical Phase 7 rule; requires anatomy review"
"muscles","Inguinal ligament.l","Inguinal ligament.001","No canonical Phase 7 rule; requires anatomy review"
"muscles","External abdominal oblique muscle.r","External abdominal oblique muscle.001","No canonical Phase 7 rule; requires anatomy review"
"muscles","Inguinal ligament.r","Inguinal ligament.001","No canonical Phase 7 rule; requires anatomy review"
"muscles","Internal abdominal oblique muscle.l","Internal abdominal oblique muscle.001","No canonical Phase 7 rule; requires anatomy review"
"muscles","Internal abdominal oblique muscle.r","Internal abdominal oblique muscle.001","No canonical Phase 7 rule; requires anatomy review"
"muscles","Linea alba","Linea alba.001","No canonical Phase 7 rule; requires anatomy review"
"muscles","Pyramidalis muscle.l","Pyramidalis muscle.001","No canonical Phase 7 rule; requires anatomy review"
"muscles","Pyramidalis muscle.r","Pyramidalis muscle.001","No canonical Phase 7 rule; requires anatomy review"
"muscles","Quadratus lumborum muscle.l","Quadratus lumborum muscle.001","No canonical Phase 7 rule; requires anatomy review"
"muscles","Quadratus lumborum muscle.r","Quadratus lumborum muscle.001","No canonical Phase 7 rule; requires anatomy review"
"muscles","Rectus abdominis muscle.l","Rectus abdominis muscle.001","No canonical Phase 7 rule; requires anatomy review"
"muscles","Rectus abdominis muscle.r","Rectus abdominis muscle.001","No canonical Phase 7 rule; requires anatomy review"
"muscles","Transversus abdominis muscle.l","Transversus abdominis muscle.001","No canonical Phase 7 rule; requires anatomy review"
"muscles","Transversus abdominis muscle.r","Transversus abdominis muscle.001","No canonical Phase 7 rule; requires anatomy review"
"muscles","Omohyoid muscle.l","Omohyoid muscle.001","No canonical Phase 7 rule; requires anatomy review"
"muscles","Omohyoid muscle.r","Omohyoid muscle.001","No canonical Phase 7 rule; requires anatomy review"
"muscles","Sternohyoid muscle.l","Sternohyoid muscle.001","No canonical Phase 7 rule; requires anatomy review"
"muscles","Sternohyoid muscle.r","Sternohyoid muscle.001","No canonical Phase 7 rule; requires anatomy review"
"muscles","Sternothyroid muscle.l","Sternothyroid muscle.001","No canonical Phase 7 rule; requires anatomy review"
"muscles","Sternothyroid muscle.r","Sternothyroid muscle.001","No canonical Phase 7 rule; requires anatomy review"
"muscles","Thyrohyoid muscle.l","Thyrohyoid muscle.001","No canonical Phase 7 rule; requires anatomy review"
"muscles","Thyrohyoid muscle.r","Thyrohyoid muscle.001","No canonical Phase 7 rule; requires anatomy review"
"muscles","Ary-epiglottic part of oblique arytenoid muscle.l","Ary-epiglottic part of oblique arytenoid muscle.001","No canonical Phase 7 rule; requires anatomy review"
"muscles","Ary-epiglottic part of oblique arytenoid muscle.r","Ary-epiglottic part of oblique arytenoid muscle.001","No canonical Phase 7 rule; requires anatomy review"
"muscles","External part of thyro-arytenoid muscle.l","External part of thyro-arytenoid muscle.001","No canonical Phase 7 rule; requires anatomy review"
"muscles","External part of thyro-arytenoid muscle.r","External part of thyro-arytenoid muscle.001","No canonical Phase 7 rule; requires anatomy review"
"muscles","Lateral crico-arytenoid muscle.l","Lateral crico-arytenoid muscle.001","No canonical Phase 7 rule; requires anatomy review"
"muscles","Lateral crico-arytenoid muscle.r","Lateral crico-arytenoid muscle.001","No canonical Phase 7 rule; requires anatomy review"
"muscles","Oblique part of cricothyroid muscle.l","Oblique part of cricothyroid muscle.001","No canonical Phase 7 rule; requires anatomy review"
"muscles","Oblique part of cricothyroid muscle.r","Oblique part of cricothyroid muscle.001","No canonical Phase 7 rule; requires anatomy review"
"muscles","Posterior crico-arytenoid muscle.l","Posterior crico-arytenoid muscle.001","No canonical Phase 7 rule; requires anatomy review"
"muscles","Posterior crico-arytenoid muscle.r","Posterior crico-arytenoid muscle.001","No canonical Phase 7 rule; requires anatomy review"
"muscles","Straight part of cricothyroid muscle.l","Straight part of cricothyroid muscle.001","No canonical Phase 7 rule; requires anatomy review"
"muscles","Straight part of cricothyroid muscle.r","Straight part of cricothyroid muscle.001","No canonical Phase 7 rule; requires anatomy review"
"muscles","Thyro-epiglottic part of thyro-arytenoid muscle.l","Thyro-epiglottic part of thyro-arytenoid muscle.001","No canonical Phase 7 rule; requires anatomy review"
"muscles","Thyro-epiglottic part of thyro-arytenoid muscle.r","Thyro-epiglottic part of thyro-arytenoid muscle.001","No canonical Phase 7 rule; requires anatomy review"
"muscles","Transverse arytenoid muscle","Transverse arytenoid muscle.001","No canonical Phase 7 rule; requires anatomy review"
"muscles","Longus capitis muscle.l","Longus capitis muscle.001","No canonical Phase 7 rule; requires anatomy review"
"muscles","Longus capitis muscle.r","Longus capitis muscle.001","No canonical Phase 7 rule; requires anatomy review"
"muscles","Longus colli muscle.l","Longus colli muscle.001","No canonical Phase 7 rule; requires anatomy review"
"muscles","Longus colli muscle.r","Longus colli muscle.001","No canonical Phase 7 rule; requires anatomy review"
"muscles","Inferior pharyngeal constrictor.l","Inferior pharyngeal constrictor.001","No canonical Phase 7 rule; requires anatomy review"
"muscles","Inferior pharyngeal constrictor.r","Inferior pharyngeal constrictor.001","No canonical Phase 7 rule; requires anatomy review"
"muscles","Middle pharyngeal constrictor.l","Middle pharyngeal constrictor.001","No canonical Phase 7 rule; requires anatomy review"
"muscles","Middle pharyngeal constrictor.r","Middle pharyngeal constrictor.001","No canonical Phase 7 rule; requires anatomy review"
"muscles","Stylopharyngeus muscle.l","Stylopharyngeus muscle.001","No canonical Phase 7 rule; requires anatomy review"
"muscles","Stylopharyngeus muscle.r","Stylopharyngeus muscle.001","No canonical Phase 7 rule; requires anatomy review"
"muscles","Superior pharyngeal constrictor.l","Superior pharyngeal constrictor.001","No canonical Phase 7 rule; requires anatomy review"
"muscles","Superior pharyngeal constrictor.r","Superior pharyngeal constrictor.001","No canonical Phase 7 rule; requires anatomy review"
"muscles","Platysma.l","Platysma.001","No canonical Phase 7 rule; requires anatomy review"
"muscles","Platysma.r","Platysma.001","No canonical Phase 7 rule; requires anatomy review"
"muscles","Rectus anterior capitis muscle.l","Rectus anterior capitis muscle.001","No canonical Phase 7 rule; requires anatomy review"
"muscles","Rectus anterior capitis muscle.r","Rectus anterior capitis muscle.001","No canonical Phase 7 rule; requires anatomy review"
"muscles","Rectus lateralis capitis muscle.l","Rectus lateralis capitis muscle.001","No canonical Phase 7 rule; requires anatomy review"
"muscles","Rectus lateralis capitis muscle.r","Rectus lateralis capitis muscle.001","No canonical Phase 7 rule; requires anatomy review"
"muscles","Scalenus anterior muscle.l","Scalenus anterior muscle.001","No canonical Phase 7 rule; requires anatomy review"
"muscles","Scalenus anterior muscle.r","Scalenus anterior muscle.001","No canonical Phase 7 rule; requires anatomy review"
"muscles","Scalenus medius muscle.l","Scalenus medius muscle.001","No canonical Phase 7 rule; requires anatomy review"
"muscles","Scalenus medius muscle.r","Scalenus medius muscle.001","No canonical Phase 7 rule; requires anatomy review"
"muscles","Scalenus posterior muscle.l","Scalenus posterior muscle.001","No canonical Phase 7 rule; requires anatomy review"
"muscles","Scalenus posterior muscle.r","Scalenus posterior muscle.001","No canonical Phase 7 rule; requires anatomy review"
"muscles","Sternocleidomastoid muscle.l","Sternocleidomastoid muscle.001","No canonical Phase 7 rule; requires anatomy review"
"muscles","Sternocleidomastoid muscle.r","Sternocleidomastoid muscle.001","No canonical Phase 7 rule; requires anatomy review"
"muscles","Anterior belly of digastric muscle.l","Anterior belly of digastric muscle.001","No canonical Phase 7 rule; requires anatomy review"
"muscles","Anterior belly of digastric muscle.r","Anterior belly of digastric muscle.001","No canonical Phase 7 rule; requires anatomy review"
"muscles","Intermediate tendon of digastric muscle.l","Intermediate tendon of digastric muscle.001","No canonical Phase 7 rule; requires anatomy review"
"muscles","Intermediate tendon of digastric muscle.r","Intermediate tendon of digastric muscle.001","No canonical Phase 7 rule; requires anatomy review"
"muscles","Posterior belly of digastric muscle.l","Posterior belly of digastric muscle.001","No canonical Phase 7 rule; requires anatomy review"
"muscles","Posterior belly of digastric muscle.r","Posterior belly of digastric muscle.001","No canonical Phase 7 rule; requires anatomy review"
"muscles","Geniohyoid muscle.l","Geniohyoid muscle.001","No canonical Phase 7 rule; requires anatomy review"
"muscles","Geniohyoid muscle.r","Geniohyoid muscle.001","No canonical Phase 7 rule; requires anatomy review"
"muscles","Mylohyoid muscle.l","Mylohyoid muscle.001","No canonical Phase 7 rule; requires anatomy review"
"muscles","Mylohyoid muscle.r","Mylohyoid muscle.001","No canonical Phase 7 rule; requires anatomy review"
"muscles","Stylohyoid muscle.l","Stylohyoid muscle.001","No canonical Phase 7 rule; requires anatomy review"
"muscles","Stylohyoid muscle.r","Stylohyoid muscle.001","No canonical Phase 7 rule; requires anatomy review"
"muscles","Common tendinous ring.l","Common tendinous ring.001","No canonical Phase 7 rule; requires anatomy review"
"muscles","Common tendinous ring.r","Common tendinous ring.001","No canonical Phase 7 rule; requires anatomy review"
"muscles","Inferior oblique muscle.l","Inferior oblique muscle.001","No canonical Phase 7 rule; requires anatomy review"
"muscles","Inferior oblique muscle.r","Inferior oblique muscle.001","No canonical Phase 7 rule; requires anatomy review"
"muscles","Inferior rectus muscle.l","Inferior rectus muscle.001","No canonical Phase 7 rule; requires anatomy review"
"muscles","Inferior rectus muscle.r","Inferior rectus muscle.001","No canonical Phase 7 rule; requires anatomy review"
"muscles","Inferior tarsus.l","Inferior tarsus.001","No canonical Phase 7 rule; requires anatomy review"
"muscles","Inferior tarsus.r","Inferior tarsus.001","No canonical Phase 7 rule; requires anatomy review"
"muscles","Lateral rectus muscle.l","Lateral rectus muscle.001","No canonical Phase 7 rule; requires anatomy review"
"muscles","Lateral rectus muscle.r","Lateral rectus muscle.001","No canonical Phase 7 rule; requires anatomy review"
"muscles","Levator palpebrae superioris.l","Levator palpebrae superioris.001","No canonical Phase 7 rule; requires anatomy review"
"muscles","Levator palpebrae superioris.r","Levator palpebrae superioris.001","No canonical Phase 7 rule; requires anatomy review"
"muscles","Medial rectus muscle.l","Medial rectus muscle.001","No canonical Phase 7 rule; requires anatomy review"
"muscles","Medial rectus muscle.r","Medial rectus muscle.001","No canonical Phase 7 rule; requires anatomy review"
"muscles","Superior oblique muscle.l","Superior oblique muscle.001","No canonical Phase 7 rule; requires anatomy review"
"muscles","Superior oblique muscle.r","Superior oblique muscle.001","No canonical Phase 7 rule; requires anatomy review"
"muscles","Superior rectus muscle.l","Superior rectus muscle.001","No canonical Phase 7 rule; requires anatomy review"
"muscles","Superior rectus muscle.r","Superior rectus muscle.001","No canonical Phase 7 rule; requires anatomy review"
"muscles","Superior tarsus.l","Superior tarsus.001","No canonical Phase 7 rule; requires anatomy review"
"muscles","Superior tarsus.r","Superior tarsus.001","No canonical Phase 7 rule; requires anatomy review"
"muscles","Trochlea of superior oblique muscle.l","Trochlea of superior oblique muscle.001","No canonical Phase 7 rule; requires anatomy review"
"muscles","Trochlea of superior oblique muscle.r","Trochlea of superior oblique muscle.001","No canonical Phase 7 rule; requires anatomy review"
"muscles","Deep part of masseter.l","Deep part of masseter.001","No canonical Phase 7 rule; requires anatomy review"
"muscles","Deep part of masseter.r","Deep part of masseter.001","No canonical Phase 7 rule; requires anatomy review"
"muscles","Inferior head of lateral pterygoid muscle.l","Inferior head of lateral pterygoid muscle.001","No canonical Phase 7 rule; requires anatomy review"
"muscles","Inferior head of lateral pterygoid muscle.r","Inferior head of lateral pterygoid muscle.001","No canonical Phase 7 rule; requires anatomy review"
"muscles","Medial pterygoid muscle.l","Medial pterygoid muscle.001","No canonical Phase 7 rule; requires anatomy review"
"muscles","Medial pterygoid muscle.r","Medial pterygoid muscle.001","No canonical Phase 7 rule; requires anatomy review"
"muscles","Superficial part of masseter.l","Superficial part of masseter.001","No canonical Phase 7 rule; requires anatomy review"
"muscles","Superficial part of masseter.r","Superficial part of masseter.001","No canonical Phase 7 rule; requires anatomy review"
"muscles","Superior head of lateral pterygoid muscle.l","Superior head of lateral pterygoid muscle.001","No canonical Phase 7 rule; requires anatomy review"
"muscles","Superior head of lateral pterygoid muscle.r","Superior head of lateral pterygoid muscle.001","No canonical Phase 7 rule; requires anatomy review"
"muscles","Temporalis muscle.l","Temporalis muscle.001","No canonical Phase 7 rule; requires anatomy review"
"muscles","Temporalis muscle.r","Temporalis muscle.001","No canonical Phase 7 rule; requires anatomy review"
"muscles","Palatopharyngeus muscle.l","Palatopharyngeus muscle.001","No canonical Phase 7 rule; requires anatomy review"
"muscles","Palatopharyngeus muscle.r","Palatopharyngeus muscle.001","No canonical Phase 7 rule; requires anatomy review"
"muscles","Genioglossus muscle.l","Genioglossus muscle.001","No canonical Phase 7 rule; requires anatomy review"
"muscles","Genioglossus muscle.r","Genioglossus muscle.001","No canonical Phase 7 rule; requires anatomy review"
"muscles","Hyoglossus muscle.l","Hyoglossus muscle.001","No canonical Phase 7 rule; requires anatomy review"
"muscles","Hyoglossus muscle.r","Hyoglossus muscle.001","No canonical Phase 7 rule; requires anatomy review"
"muscles","Epicranial aponeurosis.l","Epicranial aponeurosis.001","No canonical Phase 7 rule; requires anatomy review"
"muscles","Epicranial aponeurosis.r","Epicranial aponeurosis.001","No canonical Phase 7 rule; requires anatomy review"
"muscles","Frontalis muscle.l","Frontalis muscle.001","No canonical Phase 7 rule; requires anatomy review"
"muscles","Frontalis muscle.r","Frontalis muscle.001","No canonical Phase 7 rule; requires anatomy review"
"muscles","Occipitalis muscle.l","Occipitalis muscle.001","No canonical Phase 7 rule; requires anatomy review"
"muscles","Occipitalis muscle.r","Occipitalis muscle.001","No canonical Phase 7 rule; requires anatomy review"
"muscles","Temporoparietalis muscle.l","Temporoparietalis muscle.001","No canonical Phase 7 rule; requires anatomy review"
"muscles","Temporoparietalis muscle.r","Temporoparietalis muscle.001","No canonical Phase 7 rule; requires anatomy review"
"muscles","Bucinator.l","Bucinator.001","No canonical Phase 7 rule; requires anatomy review"
"muscles","Bucinator.r","Bucinator.001","No canonical Phase 7 rule; requires anatomy review"
"muscles","Corrugator supercilii.l","Corrugator supercilii.001","No canonical Phase 7 rule; requires anatomy review"
"muscles","Corrugator supercilii.r","Corrugator supercilii.001","No canonical Phase 7 rule; requires anatomy review"
"muscles","Depressor anguli oris.l","Depressor anguli oris.001","No canonical Phase 7 rule; requires anatomy review"
"muscles","Depressor anguli oris.r","Depressor anguli oris.001","No canonical Phase 7 rule; requires anatomy review"
"muscles","Depressor labii inferioris.l","Depressor labii inferioris.001","No canonical Phase 7 rule; requires anatomy review"
"muscles","Depressor labii inferioris.r","Depressor labii inferioris.001","No canonical Phase 7 rule; requires anatomy review"
"muscles","Depressor septi nasi.l","Depressor septi nasi.001","No canonical Phase 7 rule; requires anatomy review"
"muscles","Depressor septi nasi.r","Depressor septi nasi.001","No canonical Phase 7 rule; requires anatomy review"
"muscles","Levator anguli oris.l","Levator anguli oris.001","No canonical Phase 7 rule; requires anatomy review"
"muscles","Levator anguli oris.r","Levator anguli oris.001","No canonical Phase 7 rule; requires anatomy review"
"muscles","Levator labii superioris.l","Levator labii superioris.001","No canonical Phase 7 rule; requires anatomy review"
"muscles","Levator labii superioris.r","Levator labii superioris.001","No canonical Phase 7 rule; requires anatomy review"
"muscles","Levator nasolabialis.l","Levator nasolabialis.001","No canonical Phase 7 rule; requires anatomy review"
"muscles","Levator nasolabialis.r","Levator nasolabialis.001","No canonical Phase 7 rule; requires anatomy review"
"muscles","Mentalis muscle.l","Mentalis muscle.001","No canonical Phase 7 rule; requires anatomy review"
"muscles","Mentalis muscle.r","Mentalis muscle.001","No canonical Phase 7 rule; requires anatomy review"
"muscles","Nasalis muscle.l","Nasalis muscle.001","No canonical Phase 7 rule; requires anatomy review"
"muscles","Nasalis muscle.r","Nasalis muscle.001","No canonical Phase 7 rule; requires anatomy review"
"muscles","Orbicularis oris muscle.l","Orbicularis oris muscle.001","No canonical Phase 7 rule; requires anatomy review"
"muscles","Orbicularis oris muscle.r","Orbicularis oris muscle.001","No canonical Phase 7 rule; requires anatomy review"
"muscles","Orbital part of orbicularis oculi.l","Orbital part of orbicularis oculi.001","No canonical Phase 7 rule; requires anatomy review"
"muscles","Orbital part of orbicularis oculi.r","Orbital part of orbicularis oculi.001","No canonical Phase 7 rule; requires anatomy review"
"muscles","Palpebral part of orbicularis oculi.l","Palpebral part of orbicularis oculi.001","No canonical Phase 7 rule; requires anatomy review"
"muscles","Palpebral part of orbicularis oculi.r","Palpebral part of orbicularis oculi.001","No canonical Phase 7 rule; requires anatomy review"
"muscles","Procerus muscle.l","Procerus muscle.001","No canonical Phase 7 rule; requires anatomy review"
"muscles","Procerus muscle.r","Procerus muscle.001","No canonical Phase 7 rule; requires anatomy review"
"muscles","Risorius muscle.l","Risorius muscle.001","No canonical Phase 7 rule; requires anatomy review"
"muscles","Risorius muscle.r","Risorius muscle.001","No canonical Phase 7 rule; requires anatomy review"
"muscles","Zygomaticus major muscle.l","Zygomaticus major muscle.001","No canonical Phase 7 rule; requires anatomy review"
"muscles","Zygomaticus major muscle.r","Zygomaticus major muscle.001","No canonical Phase 7 rule; requires anatomy review"
"muscles","Zygomaticus minor muscle.l","Zygomaticus minor muscle.001","No canonical Phase 7 rule; requires anatomy review"
"muscles","Zygomaticus minor muscle.r","Zygomaticus minor muscle.001","No canonical Phase 7 rule; requires anatomy review"
"muscles","Iliocostalis colli muscle","Iliocostalis colli muscle.001","No canonical Phase 7 rule; requires anatomy review"
"muscles","Iliocostalis colli muscle.r","Iliocostalis colli muscle.001","No canonical Phase 7 rule; requires anatomy review"
"muscles","Iliocostalis lumborum muscle.l","Iliocostalis lumborum muscle.001","No canonical Phase 7 rule; requires anatomy review"
"muscles","Iliocostalis lumborum muscle.r","Iliocostalis lumborum muscle.001","No canonical Phase 7 rule; requires anatomy review"
"muscles","Iliocostalis thoracis muscle.l","Iliocostalis thoracis muscle.001","No canonical Phase 7 rule; requires anatomy review"
"muscles","Iliocostalis thoracis muscle.r","Iliocostalis thoracis muscle.001","No canonical Phase 7 rule; requires anatomy review"
"muscles","Longissimus capitis muscle.l","Longissimus capitis muscle.001","No canonical Phase 7 rule; requires anatomy review"
"muscles","Longissimus capitis muscle.r","Longissimus capitis muscle.001","No canonical Phase 7 rule; requires anatomy review"
"muscles","Longissimus colli muscle.l","Longissimus colli muscle.001","No canonical Phase 7 rule; requires anatomy review"
"muscles","Longissimus colli muscle.r","Longissimus colli muscle.001","No canonical Phase 7 rule; requires anatomy review"
"muscles","Longissimus thoracis muscle.l","Longissimus thoracis muscle.001","No canonical Phase 7 rule; requires anatomy review"
"muscles","Longissimus thoracis muscle.r","Longissimus thoracis muscle.001","No canonical Phase 7 rule; requires anatomy review"
"muscles","Spinalis capitis muscle.l","Spinalis capitis muscle.001","No canonical Phase 7 rule; requires anatomy review"
"muscles","Spinalis capitis muscle.r","Spinalis capitis muscle.001","No canonical Phase 7 rule; requires anatomy review"
"muscles","Spinalis colli muscle.l","Spinalis colli muscle.001","No canonical Phase 7 rule; requires anatomy review"
"muscles","Spinalis colli muscle.r","Spinalis colli muscle.001","No canonical Phase 7 rule; requires anatomy review"
"muscles","Spinalis thoracis muscle.l","Spinalis thoracis muscle.001","No canonical Phase 7 rule; requires anatomy review"
"muscles","Spinalis thoracis muscle.r","Spinalis thoracis muscle.001","No canonical Phase 7 rule; requires anatomy review"
"muscles","Interspinales colli muscles.l","Interspinales colli muscles.001","No canonical Phase 7 rule; requires anatomy review"
"muscles","Interspinales colli muscles.r","Interspinales colli muscles.001","No canonical Phase 7 rule; requires anatomy review"
"muscles","Interspinales lumborum muscles.l","Interspinales lumborum muscles.001","No canonical Phase 7 rule; requires anatomy review"
"muscles","Interspinales lumborum muscles.r","Interspinales lumborum muscles.001","No canonical Phase 7 rule; requires anatomy review"
"muscles","Interspinales thoracis muscles.l","Interspinales thoracis muscles.001","No canonical Phase 7 rule; requires anatomy review"
"muscles","Interspinales thoracis muscles.r","Interspinales thoracis muscles.001","No canonical Phase 7 rule; requires anatomy review"
"muscles","Splenius capitis muscle.l","Splenius capitis muscle.001","No canonical Phase 7 rule; requires anatomy review"
"muscles","Splenius capitis muscle.r","Splenius capitis muscle.001","No canonical Phase 7 rule; requires anatomy review"
"muscles","Splenius colli muscle.l","Splenius colli muscle.001","No canonical Phase 7 rule; requires anatomy review"
"muscles","Splenius colli muscle.r","Splenius colli muscle.001","No canonical Phase 7 rule; requires anatomy review"
"muscles","Obliquus inferior capitis muscle.l","Obliquus inferior capitis muscle.001","No canonical Phase 7 rule; requires anatomy review"
"muscles","Obliquus inferior capitis muscle.r","Obliquus inferior capitis muscle.001","No canonical Phase 7 rule; requires anatomy review"
"muscles","Obliquus superior capitis muscle.l","Obliquus superior capitis muscle.001","No canonical Phase 7 rule; requires anatomy review"
"muscles","Obliquus superior capitis muscle.r","Obliquus superior capitis muscle.001","No canonical Phase 7 rule; requires anatomy review"
"muscles","Rectus posterior major capitis muscle.l","Rectus posterior major capitis muscle.001","No canonical Phase 7 rule; requires anatomy review"
"muscles","Rectus posterior major capitis muscle.r","Rectus posterior major capitis muscle.001","No canonical Phase 7 rule; requires anatomy review"
"muscles","Rectus posterior minor capitis muscle.l","Rectus posterior minor capitis muscle.001","No canonical Phase 7 rule; requires anatomy review"
"muscles","Rectus posterior minor capitis muscle.r","Rectus posterior minor capitis muscle.001","No canonical Phase 7 rule; requires anatomy review"
"muscles","Multifidus colli muscle.l","Multifidus colli muscle.001","No canonical Phase 7 rule; requires anatomy review"
"muscles","Multifidus colli muscle.r","Multifidus colli muscle.001","No canonical Phase 7 rule; requires anatomy review"
"muscles","Multifidus lumborum muscle.l","Multifidus lumborum muscle.001","No canonical Phase 7 rule; requires anatomy review"
"muscles","Multifidus lumborum muscle.r","Multifidus lumborum muscle.001","No canonical Phase 7 rule; requires anatomy review"
"muscles","Multifidus thoracis muscle.l","Multifidus thoracis muscle.001","No canonical Phase 7 rule; requires anatomy review"
"muscles","Multifidus thoracis muscle.r","Multifidus thoracis muscle.001","No canonical Phase 7 rule; requires anatomy review"
"muscles","Rotatores.l","Rotatores.001","No canonical Phase 7 rule; requires anatomy review"
"muscles","Rotatores.r","Rotatores.001","No canonical Phase 7 rule; requires anatomy review"
"muscles","Semispinalis colli muscle.l","Semispinalis colli muscle.001","No canonical Phase 7 rule; requires anatomy review"
"muscles","Semispinalis colli muscle.r","Semispinalis colli muscle.001","No canonical Phase 7 rule; requires anatomy review"
"muscles","Semispinalis thoracis muscle.l","Semispinalis thoracis muscle.001","No canonical Phase 7 rule; requires anatomy review"
"muscles","Semispinalis thoracis muscle.r","Semispinalis thoracis muscle.001","No canonical Phase 7 rule; requires anatomy review"
"muscles","Dorsal parts of lateral intertransversarii lumborum muscles.l","Dorsal parts of lateral intertransversarii lumborum muscles.001","No canonical Phase 7 rule; requires anatomy review"
"muscles","Dorsal parts of lateral intertransversarii lumborum muscles.r","Dorsal parts of lateral intertransversarii lumborum muscles.001","No canonical Phase 7 rule; requires anatomy review"
"muscles","Latissimus dorsi muscle.l","Latissimus dorsi muscle.001","No canonical Phase 7 rule; requires anatomy review"
"muscles","Latissimus dorsi muscle.r","Latissimus dorsi muscle.001","No canonical Phase 7 rule; requires anatomy review"
"muscles","Levator scapulae.l","Levator scapulae.001","No canonical Phase 7 rule; requires anatomy review"
"muscles","Levator scapulae.r","Levator scapulae.001","No canonical Phase 7 rule; requires anatomy review"
"muscles","Rhomboid major muscle.l","Rhomboid major muscle.001","No canonical Phase 7 rule; requires anatomy review"
"muscles","Rhomboid major muscle.r","Rhomboid major muscle.001","No canonical Phase 7 rule; requires anatomy review"
"muscles","Rhomboid minor muscle.l","Rhomboid minor muscle.001","No canonical Phase 7 rule; requires anatomy review"
"muscles","Rhomboid minor muscle.r","Rhomboid minor muscle.001","No canonical Phase 7 rule; requires anatomy review"
"muscles","Serratus posterior inferior muscle.l","Serratus posterior inferior muscle.001","No canonical Phase 7 rule; requires anatomy review"
"muscles","Serratus posterior inferior muscle.r","Serratus posterior inferior muscle.001","No canonical Phase 7 rule; requires anatomy review"
"muscles","Serratus posterior superior muscle.l","Serratus posterior superior muscle.001","No canonical Phase 7 rule; requires anatomy review"
"muscles","Serratus posterior superior muscle.r","Serratus posterior superior muscle.001","No canonical Phase 7 rule; requires anatomy review"
"muscles","Ascending part of trapezius muscle.l","Ascending part of trapezius muscle.001","No canonical Phase 7 rule; requires anatomy review"
"muscles","Ascending part of trapezius muscle.r","Ascending part of trapezius muscle.001","No canonical Phase 7 rule; requires anatomy review"
"muscles","Descending part of trapezius muscle.l","Descending part of trapezius muscle.001","No canonical Phase 7 rule; requires anatomy review"
"muscles","Descending part of trapezius muscle.r","Descending part of trapezius muscle.001","No canonical Phase 7 rule; requires anatomy review"
"muscles","Transverse part of trapezius muscle.l","Transverse part of trapezius muscle.001","No canonical Phase 7 rule; requires anatomy review"
"muscles","Transverse part of trapezius muscle.r","Transverse part of trapezius muscle.001","No canonical Phase 7 rule; requires anatomy review"
"muscles","Ventral parts of lateral intertransversarii lumborum muscles.l","Ventral parts of lateral intertransversarii lumborum muscles.001","No canonical Phase 7 rule; requires anatomy review"
"muscles","Ventral parts of lateral intertransversarii lumborum muscles.r","Ventral parts of lateral intertransversarii lumborum muscles.001","No canonical Phase 7 rule; requires anatomy review"
"muscles","Superficial investing cervical fascia.l","Superficial investing cervical fascia.001","No canonical Phase 7 rule; requires anatomy review"
"muscles","Superficial investing cervical fascia.r","Superficial investing cervical fascia.001","No canonical Phase 7 rule; requires anatomy review"
"muscles","Diaphragmatic fascia","Diaphragmatic fascia.001","No canonical Phase 7 rule; requires anatomy review"
"muscles","Iliopsoas fascia.l","Iliopsoas fascia.001","No canonical Phase 7 rule; requires anatomy review"
"muscles","Iliopsoas fascia.r","Iliopsoas fascia.001","No canonical Phase 7 rule; requires anatomy review"
"muscles","Transversalis fascia","Transversalis fascia.001","No canonical Phase 7 rule; requires anatomy review"
"muscles","Investing abdominal fascia.l","Investing abdominal fascia.001","No canonical Phase 7 rule; requires anatomy review"
"muscles","Investing abdominal fascia.r","Investing abdominal fascia.001","No canonical Phase 7 rule; requires anatomy review"
"muscles","Masseteric fascia.l","Masseteric fascia.001","No canonical Phase 7 rule; requires anatomy review"
"muscles","Masseteric fascia.r","Masseteric fascia.001","No canonical Phase 7 rule; requires anatomy review"
"muscles","Superficial layer of temporal fascia.l","Superficial layer of temporal fascia.001","No canonical Phase 7 rule; requires anatomy review"
"muscles","Superficial layer of temporal fascia.r","Superficial layer of temporal fascia.001","No canonical Phase 7 rule; requires anatomy review"
"muscles","Anterior intermuscular septum of leg.l","Anterior intermuscular septum of leg.001","No canonical Phase 7 rule; requires anatomy review"
"muscles","Anterior intermuscular septum of leg.r","Anterior intermuscular septum of leg.001","No canonical Phase 7 rule; requires anatomy review"
"muscles","Crural fascia.l","Crural fascia.001","No canonical Phase 7 rule; requires anatomy review"
"muscles","Crural fascia.r","Crural fascia.001","No canonical Phase 7 rule; requires anatomy review"
"muscles","Fascia lata.l","Fascia lata.001","No canonical Phase 7 rule; requires anatomy review"
"muscles","Fascia lata.r","Fascia lata.001","No canonical Phase 7 rule; requires anatomy review"
"muscles","Flexor retinaculum of ankle.l","Flexor retinaculum of ankle.004","No canonical Phase 7 rule; requires anatomy review"
"muscles","Flexor retinaculum of ankle.r","Flexor retinaculum of ankle.003","No canonical Phase 7 rule; requires anatomy review"
"muscles","Iliopectineal arch.l","Iliopectineal arch.003","No canonical Phase 7 rule; requires anatomy review"
"muscles","Iliopectineal arch.r","Iliopectineal arch.002","No canonical Phase 7 rule; requires anatomy review"
"muscles","Inferior extensor retinaculum of ankle.l","Inferior extensor retinaculum of ankle.004","No canonical Phase 7 rule; requires anatomy review"
"muscles","Inferior extensor retinaculum of ankle.r","Inferior extensor retinaculum of ankle.003","No canonical Phase 7 rule; requires anatomy review"
"muscles","Inferior fibular retinaculum.l","Inferior fibular retinaculum.001","No canonical Phase 7 rule; requires anatomy review"
"muscles","Inferior fibular retinaculum.r","Inferior fibular retinaculum.001","No canonical Phase 7 rule; requires anatomy review"
"muscles","Lateral femoral intermuscular septum.l","Lateral femoral intermuscular septum.004","No canonical Phase 7 rule; requires anatomy review"
"muscles","Lateral femoral intermuscular septum.r","Lateral femoral intermuscular septum.003","No canonical Phase 7 rule; requires anatomy review"
"muscles","Medial femoral intermuscular septum.l","Medial femoral intermuscular septum.001","No canonical Phase 7 rule; requires anatomy review"
"muscles","Medial femoral intermuscular septum.r","Medial femoral intermuscular septum.001","No canonical Phase 7 rule; requires anatomy review"
"muscles","Piriformis fascia.l","Piriformis fascia.001","No canonical Phase 7 rule; requires anatomy review"
"muscles","Piriformis fascia.r","Piriformis fascia.001","No canonical Phase 7 rule; requires anatomy review"
"muscles","Plantar aponeurosis.l","Plantar aponeurosis.004","No canonical Phase 7 rule; requires anatomy review"
"muscles","Plantar aponeurosis.r","Plantar aponeurosis.003","No canonical Phase 7 rule; requires anatomy review"
"muscles","Popliteal fascia.l","Popliteal fascia.001","No canonical Phase 7 rule; requires anatomy review"
"muscles","Popliteal fascia.r","Popliteal fascia.001","No canonical Phase 7 rule; requires anatomy review"
"muscles","Posterior intermuscular septum of leg.l","Posterior intermuscular septum of leg.001","No canonical Phase 7 rule; requires anatomy review"
"muscles","Posterior intermuscular septum of leg.r","Posterior intermuscular septum of leg.001","No canonical Phase 7 rule; requires anatomy review"
"muscles","Superficial transverse metatarsal ligament.l","Superficial transverse metatarsal ligament.004","No canonical Phase 7 rule; requires anatomy review"
"muscles","Superficial transverse metatarsal ligament.r","Superficial transverse metatarsal ligament.003","No canonical Phase 7 rule; requires anatomy review"
"muscles","Superior extensor retinaculum of ankle.l","Superior extensor retinaculum of ankle.004","No canonical Phase 7 rule; requires anatomy review"
"muscles","Superior extensor retinaculum of ankle.r","Superior extensor retinaculum of ankle.003","No canonical Phase 7 rule; requires anatomy review"
"muscles","Superior fibular retinaculum.l","Superior fibular retinaculum.004","No canonical Phase 7 rule; requires anatomy review"
"muscles","Superior fibular retinaculum.r","Superior fibular retinaculum.003","No canonical Phase 7 rule; requires anatomy review"
"muscles","Transverse intermuscular septum of leg.l","Transverse intermuscular septum of leg.001","No canonical Phase 7 rule; requires anatomy review"
"muscles","Transverse intermuscular septum of leg.r","Transverse intermuscular septum of leg.001","No canonical Phase 7 rule; requires anatomy review"
"muscles","Clavipectoral fascia.l","Clavipectoral fascia.001","No canonical Phase 7 rule; requires anatomy review"
"muscles","Clavipectoral fascia.r","Clavipectoral fascia.001","No canonical Phase 7 rule; requires anatomy review"
"muscles","Pectoral fascia.l","Pectoral fascia.001","No canonical Phase 7 rule; requires anatomy review"
"muscles","Pectoral fascia.r","Pectoral fascia.001","No canonical Phase 7 rule; requires anatomy review"
"muscles","Antebrachial fascia.l","Antebrachial fascia.001","No canonical Phase 7 rule; requires anatomy review"
"muscles","Extensor retinaculum of wrist.l","Extensor retinaculum of wrist.004","No canonical Phase 7 rule; requires anatomy review"
"muscles","Antebrachial fascia.r","Antebrachial fascia.001","No canonical Phase 7 rule; requires anatomy review"
"muscles","Extensor retinaculum of wrist.r","Extensor retinaculum of wrist.003","No canonical Phase 7 rule; requires anatomy review"
"muscles","Brachial fascia.l","Brachial fascia.001","No canonical Phase 7 rule; requires anatomy review"
"muscles","Brachial fascia.r","Brachial fascia.001","No canonical Phase 7 rule; requires anatomy review"
"muscles","Deltoid fascia.l","Deltoid fascia.001","No canonical Phase 7 rule; requires anatomy review"
"muscles","Deltoid fascia.r","Deltoid fascia.001","No canonical Phase 7 rule; requires anatomy review"
"muscles","Dorsal fascia of hand.l","Dorsal fascia of hand.001","No canonical Phase 7 rule; requires anatomy review"
"muscles","Dorsal fascia of hand.r","Dorsal fascia of hand.001","No canonical Phase 7 rule; requires anatomy review"
"muscles","Flexor retinaculum of wrist.l","Flexor retinaculum of wrist.004","No canonical Phase 7 rule; requires anatomy review"
"muscles","Flexor retinaculum of wrist.r","Flexor retinaculum of wrist.003","No canonical Phase 7 rule; requires anatomy review"
"muscles","Lateral intermuscular septum of arm.l","Lateral intermuscular septum of arm.001","No canonical Phase 7 rule; requires anatomy review"
"muscles","Lateral intermuscular septum of arm.r","Lateral intermuscular septum of arm.001","No canonical Phase 7 rule; requires anatomy review"
"muscles","Medial intermuscular septum of arm.l","Medial intermuscular septum of arm.001","No canonical Phase 7 rule; requires anatomy review"
"muscles","Medial intermuscular septum of arm.r","Medial intermuscular septum of arm.001","No canonical Phase 7 rule; requires anatomy review"
"muscles","Palmar aponeurosis.l","Palmar aponeurosis.001","No canonical Phase 7 rule; requires anatomy review"
"muscles","Palmar aponeurosis.r","Palmar aponeurosis.001","No canonical Phase 7 rule; requires anatomy review"
"muscles","Superficial transverse metacarpal ligament.l","Superficial transverse metacarpal ligament.004","No canonical Phase 7 rule; requires anatomy review"
"muscles","Superficial transverse metacarpal ligament.r","Superficial transverse metacarpal ligament.003","No canonical Phase 7 rule; requires anatomy review"
"muscles","Anterior layer of thoracolumbar fascia.l","Anterior layer of thoracolumbar fascia.001","No canonical Phase 7 rule; requires anatomy review"
"muscles","Anterior layer of thoracolumbar fascia.r","Anterior layer of thoracolumbar fascia.001","No canonical Phase 7 rule; requires anatomy review"
"muscles","Middle layer of thoracolumbar fascia.l","Middle layer of thoracolumbar fascia.001","No canonical Phase 7 rule; requires anatomy review"
"muscles","Middle layer of thoracolumbar fascia.r","Middle layer of thoracolumbar fascia.001","No canonical Phase 7 rule; requires anatomy review"
"muscles","Posterior layer of thoracolumbar fascia.l","Posterior layer of thoracolumbar fascia.001","No canonical Phase 7 rule; requires anatomy review"
"muscles","Posterior layer of thoracolumbar fascia.r","Posterior layer of thoracolumbar fascia.001","No canonical Phase 7 rule; requires anatomy review"
"muscles","(Iliopectineal bursa).l","(Iliopectineal bursa).004","No canonical Phase 7 rule; requires anatomy review"
"muscles","(Iliopectineal bursa).r","(Iliopectineal bursa).003","No canonical Phase 7 rule; requires anatomy review"
"muscles","Anserine bursa.l","Anserine bursa.004","No canonical Phase 7 rule; requires anatomy review"
"muscles","Anserine bursa.r","Anserine bursa.003","No canonical Phase 7 rule; requires anatomy review"
"muscles","Bursa of piriformis muscle.l","Bursa of piriformis muscle.004","No canonical Phase 7 rule; requires anatomy review"
"muscles","Bursa of piriformis muscle.r","Bursa of piriformis muscle.003","No canonical Phase 7 rule; requires anatomy review"
"muscles","Deep infrapatellar bursa.l","Deep infrapatellar bursa.004","No canonical Phase 7 rule; requires anatomy review"
"muscles","Deep infrapatellar bursa.r","Deep infrapatellar bursa.003","No canonical Phase 7 rule; requires anatomy review"
"muscles","Inferior subtendinous bursa of biceps femoris muscle.l","Inferior subtendinous bursa of biceps femoris muscle.004","No canonical Phase 7 rule; requires anatomy review"
"muscles","Inferior subtendinous bursa of biceps femoris muscle.r","Inferior subtendinous bursa of biceps femoris muscle.003","No canonical Phase 7 rule; requires anatomy review"
"muscles","Intermuscular gluteal bursae.l","Intermuscular gluteal bursae.004","No canonical Phase 7 rule; requires anatomy review"
"muscles","Intermuscular gluteal bursae.r","Intermuscular gluteal bursae.003","No canonical Phase 7 rule; requires anatomy review"
"muscles","Lateral subtendinous bursa of gastrocnemius muscle.l","Lateral subtendinous bursa of gastrocnemius muscle.004","No canonical Phase 7 rule; requires anatomy review"
"muscles","Lateral subtendinous bursa of gastrocnemius muscle.r","Lateral subtendinous bursa of gastrocnemius muscle.003","No canonical Phase 7 rule; requires anatomy review"
"muscles","Medial subtendinous bursa of gastrocnemius muscle.l","Medial subtendinous bursa of gastrocnemius muscle.004","No canonical Phase 7 rule; requires anatomy review"
"muscles","Medial subtendinous bursa of gastrocnemius muscle.r","Medial subtendinous bursa of gastrocnemius muscle.003","No canonical Phase 7 rule; requires anatomy review"
"muscles","Sciatic bursa of gluteus maximus muscle.l","Sciatic bursa of gluteus maximus muscle.004","No canonical Phase 7 rule; requires anatomy review"
"muscles","Sciatic bursa of gluteus maximus muscle.r","Sciatic bursa of gluteus maximus muscle.003","No canonical Phase 7 rule; requires anatomy review"
"muscles","Sciatic bursa of obturator internus.l","Sciatic bursa of obturator internus.004","No canonical Phase 7 rule; requires anatomy review"
"muscles","Sciatic bursa of obturator internus.r","Sciatic bursa of obturator internus.003","No canonical Phase 7 rule; requires anatomy review"
"muscles","Semimembranosus bursa.l","Semimembranosus bursa.004","No canonical Phase 7 rule; requires anatomy review"
"muscles","Semimembranosus bursa.r","Semimembranosus bursa.003","No canonical Phase 7 rule; requires anatomy review"
"muscles","Subcutaneous bursa of lateral malleolus.l","Subcutaneous bursa of lateral malleolus.004","No canonical Phase 7 rule; requires anatomy review"
"muscles","Subcutaneous bursa of lateral malleolus.r","Subcutaneous bursa of lateral malleolus.003","No canonical Phase 7 rule; requires anatomy review"
"muscles","Subcutaneous bursa of medial malleolus.l","Subcutaneous bursa of medial malleolus.004","No canonical Phase 7 rule; requires anatomy review"
"muscles","Subcutaneous bursa of medial malleolus.r","Subcutaneous bursa of medial malleolus.003","No canonical Phase 7 rule; requires anatomy review"
"muscles","Subcutaneous bursa of tuberosity of tibia.l","Subcutaneous bursa of tuberosity of tibia.004","No canonical Phase 7 rule; requires anatomy review"
"muscles","Subcutaneous bursa of tuberosity of tibia.r","Subcutaneous bursa of tuberosity of tibia.003","No canonical Phase 7 rule; requires anatomy review"
"muscles","Subcutaneous calcaneal bursa.l","Subcutaneous calcaneal bursa.004","No canonical Phase 7 rule; requires anatomy review"
"muscles","Subcutaneous calcaneal bursa.r","Subcutaneous calcaneal bursa.003","No canonical Phase 7 rule; requires anatomy review"
"muscles","Subcutaneous infrapatellar bursa.l","Subcutaneous infrapatellar bursa.004","No canonical Phase 7 rule; requires anatomy review"
"muscles","Subcutaneous infrapatellar bursa.r","Subcutaneous infrapatellar bursa.003","No canonical Phase 7 rule; requires anatomy review"
"muscles","Subcutaneous prepatellar bursa.l","Subcutaneous prepatellar bursa.004","No canonical Phase 7 rule; requires anatomy review"
"muscles","Subcutaneous prepatellar bursa.r","Subcutaneous prepatellar bursa.003","No canonical Phase 7 rule; requires anatomy review"
"muscles","Subcutaneous trochanteric bursa.l","Subcutaneous trochanteric bursa.004","No canonical Phase 7 rule; requires anatomy review"
"muscles","Subcutaneous trochanteric bursa.r","Subcutaneous trochanteric bursa.003","No canonical Phase 7 rule; requires anatomy review"
"muscles","Subfacial prepatellar bursa.l","Subfacial prepatellar bursa.004","No canonical Phase 7 rule; requires anatomy review"
"muscles","Subfacial prepatellar bursa.r","Subfacial prepatellar bursa.003","No canonical Phase 7 rule; requires anatomy review"
"muscles","Subtendinous bursa of iliacus muscle.l","Subtendinous bursa of iliacus muscle.001","No canonical Phase 7 rule; requires anatomy review"
"muscles","Subtendinous bursa of iliacus muscle.r","Subtendinous bursa of iliacus muscle.001","No canonical Phase 7 rule; requires anatomy review"
"muscles","Subtendinous bursa of obturator internus.l","Subtendinous bursa of obturator internus.004","No canonical Phase 7 rule; requires anatomy review"
"muscles","Subtendinous bursa of obturator internus.r","Subtendinous bursa of obturator internus.003","No canonical Phase 7 rule; requires anatomy review"
"muscles","Subtendinous bursa of sartorius muscle.l","Subtendinous bursa of sartorius muscle.004","No canonical Phase 7 rule; requires anatomy review"
"muscles","Subtendinous bursa of sartorius muscle.r","Subtendinous bursa of sartorius muscle.003","No canonical Phase 7 rule; requires anatomy review"
"muscles","Subtendinous bursa of tibialis anterior.l","Subtendinous bursa of tibialis anterior.004","No canonical Phase 7 rule; requires anatomy review"
"muscles","Subtendinous bursa of tibialis anterior.r","Subtendinous bursa of tibialis anterior.003","No canonical Phase 7 rule; requires anatomy review"
"muscles","Subtendinous calcaneal bursa.l","Subtendinous calcaneal bursa.004","No canonical Phase 7 rule; requires anatomy review"
"muscles","Subtendinous calcaneal bursa.r","Subtendinous calcaneal bursa.003","No canonical Phase 7 rule; requires anatomy review"
"muscles","Subtendinous prepatellar bursa.l","Subtendinous prepatellar bursa.004","No canonical Phase 7 rule; requires anatomy review"
"muscles","Subtendinous prepatellar bursa.r","Subtendinous prepatellar bursa.003","No canonical Phase 7 rule; requires anatomy review"
"muscles","Superior bursa of biceps femoris muscle.l","Superior bursa of biceps femoris muscle.004","No canonical Phase 7 rule; requires anatomy review"
"muscles","Superior bursa of biceps femoris muscle.r","Superior bursa of biceps femoris muscle.003","No canonical Phase 7 rule; requires anatomy review"
"muscles","Suprapatellar bursa.l","Suprapatellar bursa.004","No canonical Phase 7 rule; requires anatomy review"
"muscles","Suprapatellar bursa.r","Suprapatellar bursa.003","No canonical Phase 7 rule; requires anatomy review"
"muscles","Trochanteric bursa of gluteus maximus muscle.l","Trochanteric bursa of gluteus maximus muscle.004","No canonical Phase 7 rule; requires anatomy review"
"muscles","Trochanteric bursa of gluteus maximus muscle.r","Trochanteric bursa of gluteus maximus muscle.003","No canonical Phase 7 rule; requires anatomy review"
"muscles","Trochanteric bursa of gluteus medius muscle.l","Trochanteric bursa of gluteus medius muscle.004","No canonical Phase 7 rule; requires anatomy review"
"muscles","Trochanteric bursa of gluteus medius muscle.r","Trochanteric bursa of gluteus medius muscle.003","No canonical Phase 7 rule; requires anatomy review"
"muscles","Trochanteric bursa of gluteus minimus muscle.l","Trochanteric bursa of gluteus minimus muscle.004","No canonical Phase 7 rule; requires anatomy review"
"muscles","Trochanteric bursa of gluteus minimus muscle.r","Trochanteric bursa of gluteus minimus muscle.003","No canonical Phase 7 rule; requires anatomy review"
"muscles","Extensor digitorum longus.l","Extensor digitorum longus.001","No canonical Phase 7 rule; requires anatomy review"
"muscles","Tendon of extensor digitorum longus.l","Tendon of extensor digitorum longus.001","No canonical Phase 7 rule; requires anatomy review"
"muscles","Extensor digitorum longus.r","Extensor digitorum longus.001","No canonical Phase 7 rule; requires anatomy review"
"muscles","Tendon of extensor digitorum longus.r","Tendon of extensor digitorum longus.001","No canonical Phase 7 rule; requires anatomy review"
"muscles","Extensor hallucis longus.l","Extensor hallucis longus.001","No canonical Phase 7 rule; requires anatomy review"
"muscles","Extensor hallucis longus.r","Extensor hallucis longus.001","No canonical Phase 7 rule; requires anatomy review"
"muscles","Fibularis tertius muscle.l","Fibularis tertius muscle.001","No canonical Phase 7 rule; requires anatomy review"
"muscles","Fibularis tertius muscle.r","Fibularis tertius muscle.001","No canonical Phase 7 rule; requires anatomy review"
"muscles","Tibialis anterior muscle.l","Tibialis anterior muscle.001","No canonical Phase 7 rule; requires anatomy review"
"muscles","Tibialis anterior muscle.r","Tibialis anterior muscle.001","No canonical Phase 7 rule; requires anatomy review"
"muscles","Lateral patellar retinaculum.l","Lateral patellar retinaculum.004","No canonical Phase 7 rule; requires anatomy review"
"muscles","Lateral patellar retinaculum.r","Lateral patellar retinaculum.003","No canonical Phase 7 rule; requires anatomy review"
"muscles","Medial patellar retinaculum.l","Medial patellar retinaculum.004","No canonical Phase 7 rule; requires anatomy review"
"muscles","Medial patellar retinaculum.r","Medial patellar retinaculum.003","No canonical Phase 7 rule; requires anatomy review"
"muscles","Rectus femoris muscle.l","Rectus femoris muscle.001","No canonical Phase 7 rule; requires anatomy review"
"muscles","Rectus femoris muscle.r","Rectus femoris muscle.001","No canonical Phase 7 rule; requires anatomy review"
"muscles","Sartorius muscle.l","Sartorius muscle.001","No canonical Phase 7 rule; requires anatomy review"
"muscles","Sartorius muscle.r","Sartorius muscle.001","No canonical Phase 7 rule; requires anatomy review"
"muscles","Vastus intermedius muscle.l","Vastus intermedius muscle.001","No canonical Phase 7 rule; requires anatomy review"
"muscles","Vastus intermedius muscle.r","Vastus intermedius muscle.001","No canonical Phase 7 rule; requires anatomy review"
"muscles","Vastus lateralis muscle.l","Vastus lateralis muscle.001","No canonical Phase 7 rule; requires anatomy review"
"muscles","Vastus lateralis muscle.r","Vastus lateralis muscle.001","No canonical Phase 7 rule; requires anatomy review"
"muscles","Vastus medialis muscle.l","Vastus medialis muscle.001","No canonical Phase 7 rule; requires anatomy review"
"muscles","Vastus medialis muscle.r","Vastus medialis muscle.001","No canonical Phase 7 rule; requires anatomy review"
"muscles","Inferior gemellus muscle.l","Inferior gemellus muscle.001","No canonical Phase 7 rule; requires anatomy review"
"muscles","Inferior gemellus muscle.r","Inferior gemellus muscle.001","No canonical Phase 7 rule; requires anatomy review"
"muscles","Obturator internus.l","Obturator internus.001","No canonical Phase 7 rule; requires anatomy review"
"muscles","Obturator internus.r","Obturator internus.001","No canonical Phase 7 rule; requires anatomy review"
"muscles","Piriformis muscle.l","Piriformis muscle.001","No canonical Phase 7 rule; requires anatomy review"
"muscles","Piriformis muscle.r","Piriformis muscle.001","No canonical Phase 7 rule; requires anatomy review"
"muscles","Quadratus femoris muscle.l","Quadratus femoris muscle.001","No canonical Phase 7 rule; requires anatomy review"
"muscles","Quadratus femoris muscle.r","Quadratus femoris muscle.001","No canonical Phase 7 rule; requires anatomy review"
"muscles","Superior gemellus muscle.l","Superior gemellus muscle.001","No canonical Phase 7 rule; requires anatomy review"
"muscles","Superior gemellus muscle.r","Superior gemellus muscle.001","No canonical Phase 7 rule; requires anatomy review"
"muscles","Iliacus muscle.l","Iliacus muscle.001","No canonical Phase 7 rule; requires anatomy review"
"muscles","Iliacus muscle.r","Iliacus muscle.001","No canonical Phase 7 rule; requires anatomy review"
"muscles","Psoas major.l","Psoas major.001","No canonical Phase 7 rule; requires anatomy review"
"muscles","Psoas major.r","Psoas major.001","No canonical Phase 7 rule; requires anatomy review"
"muscles","Fibularis brevis muscle.l","Fibularis brevis muscle.001","No canonical Phase 7 rule; requires anatomy review"
"muscles","Fibularis brevis muscle.r","Fibularis brevis muscle.001","No canonical Phase 7 rule; requires anatomy review"
"muscles","Fibularis longus muscle.l","Fibularis longus muscle.001","No canonical Phase 7 rule; requires anatomy review"
"muscles","Fibularis longus muscle.r","Fibularis longus muscle.001","No canonical Phase 7 rule; requires anatomy review"
"muscles","Adductor brevis.l","Adductor brevis.001","No canonical Phase 7 rule; requires anatomy review"
"muscles","Adductor brevis.r","Adductor brevis.001","No canonical Phase 7 rule; requires anatomy review"
"muscles","Adductor longus.l","Adductor longus.001","No canonical Phase 7 rule; requires anatomy review"
"muscles","Adductor longus.r","Adductor longus.001","No canonical Phase 7 rule; requires anatomy review"
"muscles","Adductor magnus.l","Adductor magnus.001","No canonical Phase 7 rule; requires anatomy review"
"muscles","(Adductor minimus).l","(Adductor minimus).001","No canonical Phase 7 rule; requires anatomy review"
"muscles","Adductor magnus.r","Adductor magnus.001","No canonical Phase 7 rule; requires anatomy review"
"muscles","(Adductor minimus).r","(Adductor minimus).001","No canonical Phase 7 rule; requires anatomy review"
"muscles","Gracilis muscle.l","Gracilis muscle.001","No canonical Phase 7 rule; requires anatomy review"
"muscles","Gracilis muscle.r","Gracilis muscle.001","No canonical Phase 7 rule; requires anatomy review"
"muscles","Obturator externus.l","Obturator externus.001","No canonical Phase 7 rule; requires anatomy review"
"muscles","Obturator externus.r","Obturator externus.001","No canonical Phase 7 rule; requires anatomy review"
"muscles","Pectineus muscle.l","Pectineus muscle.001","No canonical Phase 7 rule; requires anatomy review"
"muscles","Pectineus muscle.r","Pectineus muscle.001","No canonical Phase 7 rule; requires anatomy review"
"muscles","(Opponens digiti minimi muscle of foot).l","(Opponens digiti minimi muscle of foot).001","No canonical Phase 7 rule; requires anatomy review"
"muscles","(Opponens digiti minimi muscle of foot).r","(Opponens digiti minimi muscle of foot).001","No canonical Phase 7 rule; requires anatomy review"
"muscles","Abductor digiti minimi of foot.l","Abductor digiti minimi of foot.001","No canonical Phase 7 rule; requires anatomy review"
"muscles","Abductor digiti minimi of foot.r","Abductor digiti minimi of foot.001","No canonical Phase 7 rule; requires anatomy review"
"muscles","Abductor hallucis.l","Abductor hallucis.001","No canonical Phase 7 rule; requires anatomy review"
"muscles","Abductor hallucis.r","Abductor hallucis.001","No canonical Phase 7 rule; requires anatomy review"
"muscles","Oblique head of adductor hallucis.l","Oblique head of adductor hallucis.001","No canonical Phase 7 rule; requires anatomy review"
"muscles","Oblique head of adductor hallucis.r","Oblique head of adductor hallucis.001","No canonical Phase 7 rule; requires anatomy review"
"muscles","Transverse head of adductor hallucis.l","Transverse head of adductor hallucis.001","No canonical Phase 7 rule; requires anatomy review"
"muscles","Transverse head of adductor hallucis.r","Transverse head of adductor hallucis.001","No canonical Phase 7 rule; requires anatomy review"
"muscles","Dorsal interossei muscles of foot.l","Dorsal interossei muscles of foot.001","No canonical Phase 7 rule; requires anatomy review"
"muscles","Dorsal interossei muscles of foot.r","Dorsal interossei muscles of foot.001","No canonical Phase 7 rule; requires anatomy review"
"muscles","Extensor digitorum brevis.l","Extensor digitorum brevis.001","No canonical Phase 7 rule; requires anatomy review"
"muscles","Extensor digitorum brevis.r","Extensor digitorum brevis.001","No canonical Phase 7 rule; requires anatomy review"
"muscles","Extensor hallucis brevis.l","Extensor hallucis brevis.001","No canonical Phase 7 rule; requires anatomy review"
"muscles","Extensor hallucis brevis.r","Extensor hallucis brevis.001","No canonical Phase 7 rule; requires anatomy review"
"muscles","Flexor digiti minimi of foot.l","Flexor digiti minimi of foot.001","No canonical Phase 7 rule; requires anatomy review"
"muscles","Flexor digiti minimi of foot.r","Flexor digiti minimi of foot.001","No canonical Phase 7 rule; requires anatomy review"
"muscles","Flexor digitorum brevis.l","Flexor digitorum brevis.001","No canonical Phase 7 rule; requires anatomy review"
"muscles","Flexor digitorum brevis.r","Flexor digitorum brevis.001","No canonical Phase 7 rule; requires anatomy review"
"muscles","Lateral head of flexor hallucis brevis.l","Lateral head of flexor hallucis brevis.001","No canonical Phase 7 rule; requires anatomy review"
"muscles","Lateral head of flexor hallucis brevis.r","Lateral head of flexor hallucis brevis.001","No canonical Phase 7 rule; requires anatomy review"
"muscles","Medial head of flexor hallucis brevis.l","Medial head of flexor hallucis brevis.001","No canonical Phase 7 rule; requires anatomy review"
"muscles","Medial head of flexor hallucis brevis.r","Medial head of flexor hallucis brevis.001","No canonical Phase 7 rule; requires anatomy review"
"muscles","Lumbrical muscles of foot.l","Lumbrical muscles of foot.001","No canonical Phase 7 rule; requires anatomy review"
"muscles","Lumbrical muscles of foot.r","Lumbrical muscles of foot.001","No canonical Phase 7 rule; requires anatomy review"
"muscles","Plantar interossei muscles.l","Plantar interossei muscles.001","No canonical Phase 7 rule; requires anatomy review"
"muscles","Plantar interossei muscles.r","Plantar interossei muscles.001","No canonical Phase 7 rule; requires anatomy review"
"muscles","Quadratus plantae muscle.l","Quadratus plantae muscle.001","No canonical Phase 7 rule; requires anatomy review"
"muscles","Quadratus plantae muscle.r","Quadratus plantae muscle.001","No canonical Phase 7 rule; requires anatomy review"
"muscles","Flexor digitorum longus.l","Flexor digitorum longus.001","No canonical Phase 7 rule; requires anatomy review"
"muscles","Flexor digitorum longus.r","Flexor digitorum longus.001","No canonical Phase 7 rule; requires anatomy review"
"muscles","Flexor hallucis longus.l","Flexor hallucis longus.001","No canonical Phase 7 rule; requires anatomy review"
"muscles","Flexor hallucis longus.r","Flexor hallucis longus.001","No canonical Phase 7 rule; requires anatomy review"
"muscles","Popliteus muscle.l","Popliteus muscle.001","No canonical Phase 7 rule; requires anatomy review"
"muscles","Popliteus muscle.r","Popliteus muscle.001","No canonical Phase 7 rule; requires anatomy review"
"muscles","Tibialis posterior muscle.l","Tibialis posterior muscle.001","No canonical Phase 7 rule; requires anatomy review"
"muscles","Tibialis posterior muscle.r","Tibialis posterior muscle.001","No canonical Phase 7 rule; requires anatomy review"
"muscles","Calcaneal tendon.l","Calcaneal tendon.001","No canonical Phase 7 rule; requires anatomy review"
"muscles","Calcaneal tendon.r","Calcaneal tendon.001","No canonical Phase 7 rule; requires anatomy review"
"muscles","Lateral head of gastrocnemius.l","Lateral head of gastrocnemius.001","No canonical Phase 7 rule; requires anatomy review"
"muscles","Lateral head of gastrocnemius.r","Lateral head of gastrocnemius.001","No canonical Phase 7 rule; requires anatomy review"
"muscles","Plantaris muscle.l","Plantaris muscle.001","No canonical Phase 7 rule; requires anatomy review"
"muscles","Plantaris muscle.r","Plantaris muscle.001","No canonical Phase 7 rule; requires anatomy review"
"muscles","Soleus muscle.l","Soleus muscle.001","No canonical Phase 7 rule; requires anatomy review"
"muscles","Soleus muscle.r","Soleus muscle.001","No canonical Phase 7 rule; requires anatomy review"
"muscles","Semimembranosus muscle.l","Semimembranosus muscle.001","No canonical Phase 7 rule; requires anatomy review"
"muscles","Semimembranosus muscle.r","Semimembranosus muscle.001","No canonical Phase 7 rule; requires anatomy review"
"muscles","Semitendinosus muscle.l","Semitendinosus muscle.001","No canonical Phase 7 rule; requires anatomy review"
"muscles","Semitendinosus muscle.r","Semitendinosus muscle.001","No canonical Phase 7 rule; requires anatomy review"
"muscles","Short head of biceps femoris.l","Short head of biceps femoris.001","No canonical Phase 7 rule; requires anatomy review"
"muscles","Short head of biceps femoris.r","Short head of biceps femoris.001","No canonical Phase 7 rule; requires anatomy review"
"muscles","Gluteus medius muscle.l","Gluteus medius muscle.001","No canonical Phase 7 rule; requires anatomy review"
"muscles","Gluteus medius muscle.r","Gluteus medius muscle.001","No canonical Phase 7 rule; requires anatomy review"
"muscles","Gluteus minimus muscle.l","Gluteus minimus muscle.001","No canonical Phase 7 rule; requires anatomy review"
"muscles","Gluteus minimus muscle.r","Gluteus minimus muscle.001","No canonical Phase 7 rule; requires anatomy review"
"muscles","Tensor fasciae latae.l","Tensor fasciae latae.001","No canonical Phase 7 rule; requires anatomy review"
"muscles","Iliotibial tract.l","Iliotibial tract.001","No canonical Phase 7 rule; requires anatomy review"
"muscles","Tensor fasciae latae.r","Tensor fasciae latae.001","No canonical Phase 7 rule; requires anatomy review"
"muscles","Iliotibial tract.r","Iliotibial tract.001","No canonical Phase 7 rule; requires anatomy review"
"muscles","Tendon sheath of extensor digitorum longus.l","Tendon sheath of extensor digitorum longus.004","No canonical Phase 7 rule; requires anatomy review"
"muscles","Tendon sheath of extensor digitorum longus.r","Tendon sheath of extensor digitorum longus.003","No canonical Phase 7 rule; requires anatomy review"
"muscles","Tendon sheath of extensor hallucis longus.l","Tendon sheath of extensor hallucis longus.004","No canonical Phase 7 rule; requires anatomy review"
"muscles","Tendon sheath of extensor hallucis longus.r","Tendon sheath of extensor hallucis longus.003","No canonical Phase 7 rule; requires anatomy review"
"muscles","Tendon sheath of tibialis anterior.l","Tendon sheath of tibialis anterior.001","No canonical Phase 7 rule; requires anatomy review"
"muscles","Tendon sheath of tibialis anterior.r","Tendon sheath of tibialis anterior.001","No canonical Phase 7 rule; requires anatomy review"
"muscles","Common tendon sheath of fibularis muscles.l","Common tendon sheath of fibularis muscles.004","No canonical Phase 7 rule; requires anatomy review"
"muscles","Common tendon sheath of fibularis muscles.r","Common tendon sheath of fibularis muscles.003","No canonical Phase 7 rule; requires anatomy review"
"muscles","Plantar tendon sheath of fibularis longus muscle.l","Plantar tendon sheath of fibularis longus muscle.004","No canonical Phase 7 rule; requires anatomy review"
"muscles","Plantar tendon sheath of fibularis longus muscle.r","Plantar tendon sheath of fibularis longus muscle.003","No canonical Phase 7 rule; requires anatomy review"
"muscles","Tendon sheath of flexor digitorum longus.l","Tendon sheath of flexor digitorum longus.001","No canonical Phase 7 rule; requires anatomy review"
"muscles","Tendon sheath of flexor digitorum longus.r","Tendon sheath of flexor digitorum longus.001","No canonical Phase 7 rule; requires anatomy review"
"muscles","Tendon sheath of flexor hallucis longus.l","Tendon sheath of flexor hallucis longus.004","No canonical Phase 7 rule; requires anatomy review"
"muscles","Tendon sheath of flexor hallucis longus.r","Tendon sheath of flexor hallucis longus.003","No canonical Phase 7 rule; requires anatomy review"
"muscles","Tendon sheath of tibialis posterior muscle.l","Tendon sheath of tibialis posterior muscle.001","No canonical Phase 7 rule; requires anatomy review"
"muscles","Tendon sheath of tibialis posterior muscle.r","Tendon sheath of tibialis posterior muscle.001","No canonical Phase 7 rule; requires anatomy review"
"muscles","Bicipitoradial bursa.l","Bicipitoradial bursa.004","No canonical Phase 7 rule; requires anatomy review"
"muscles","Bicipitoradial bursa.r","Bicipitoradial bursa.003","No canonical Phase 7 rule; requires anatomy review"
"muscles","Coracobrachial bursa.l","Coracobrachial bursa.004","No canonical Phase 7 rule; requires anatomy review"
"muscles","Coracobrachial bursa.r","Coracobrachial bursa.003","No canonical Phase 7 rule; requires anatomy review"
"muscles","Subacromial bursa.l","Subacromial bursa.004","No canonical Phase 7 rule; requires anatomy review"
"muscles","Subacromial bursa.r","Subacromial bursa.003","No canonical Phase 7 rule; requires anatomy review"
"muscles","Subcutaneous acromial bursa.l","Subcutaneous acromial bursa.004","No canonical Phase 7 rule; requires anatomy review"
"muscles","Subcutaneous acromial bursa.r","Subcutaneous acromial bursa.003","No canonical Phase 7 rule; requires anatomy review"
"muscles","Subdeltoid bursa.l","Subdeltoid bursa.004","No canonical Phase 7 rule; requires anatomy review"
"muscles","Subdeltoid bursa.r","Subdeltoid bursa.003","No canonical Phase 7 rule; requires anatomy review"
"muscles","Subtendinous bursa of infraspinatus muscle.l","Subtendinous bursa of infraspinatus muscle.004","No canonical Phase 7 rule; requires anatomy review"
"muscles","Subtendinous bursa of infraspinatus muscle.r","Subtendinous bursa of infraspinatus muscle.003","No canonical Phase 7 rule; requires anatomy review"
"muscles","Subtendinous bursa of teres major muscle.l","Subtendinous bursa of teres major muscle.004","No canonical Phase 7 rule; requires anatomy review"
"muscles","Subtendinous bursa of teres major muscle.r","Subtendinous bursa of teres major muscle.003","No canonical Phase 7 rule; requires anatomy review"
"muscles","Subtendinous bursa of trapezius muscle.l","Subtendinous bursa of trapezius muscle.004","No canonical Phase 7 rule; requires anatomy review"
"muscles","Subtendinous bursa of trapezius muscle.r","Subtendinous bursa of trapezius muscle.003","No canonical Phase 7 rule; requires anatomy review"
"muscles","Subtendinous bursa of triceps brachii muscle.l","Subtendinous bursa of triceps brachii muscle.004","No canonical Phase 7 rule; requires anatomy review"
"muscles","Subtendinous bursa of triceps brachii muscle.r","Subtendinous bursa of triceps brachii muscle.003","No canonical Phase 7 rule; requires anatomy review"
"muscles","Long head of biceps brachii.l","Long head of biceps brachii.001","No canonical Phase 7 rule; requires anatomy review"
"muscles","Long head of biceps brachii.r","Long head of biceps brachii.001","No canonical Phase 7 rule; requires anatomy review"
"muscles","Short head of biceps brachii.l","Short head of biceps brachii.001","No canonical Phase 7 rule; requires anatomy review"
"muscles","Short head of biceps brachii.r","Short head of biceps brachii.001","No canonical Phase 7 rule; requires anatomy review"
"muscles","Brachialis muscle.l","Brachialis muscle.001","No canonical Phase 7 rule; requires anatomy review"
"muscles","Brachialis muscle.r","Brachialis muscle.001","No canonical Phase 7 rule; requires anatomy review"
"muscles","Coracobrachialis muscle.l","Coracobrachialis muscle.001","No canonical Phase 7 rule; requires anatomy review"
"muscles","Coracobrachialis muscle.r","Coracobrachialis muscle.001","No canonical Phase 7 rule; requires anatomy review"
"muscles","Flexor digitorum profundus.l","Flexor digitorum profundus.001","No canonical Phase 7 rule; requires anatomy review"
"muscles","Flexor digitorum profundus.r","Flexor digitorum profundus.001","No canonical Phase 7 rule; requires anatomy review"
"muscles","Flexor pollicis longus.l","Flexor pollicis longus.001","No canonical Phase 7 rule; requires anatomy review"
"muscles","Flexor pollicis longus.r","Flexor pollicis longus.001","No canonical Phase 7 rule; requires anatomy review"
"muscles","Pronator quadratus.l","Pronator quadratus.001","No canonical Phase 7 rule; requires anatomy review"
"muscles","Pronator quadratus.r","Pronator quadratus.001","No canonical Phase 7 rule; requires anatomy review"
"muscles","Deep head of pronator teres.l","Deep head of pronator teres.001","No canonical Phase 7 rule; requires anatomy review"
"muscles","Deep head of pronator teres.r","Deep head of pronator teres.001","No canonical Phase 7 rule; requires anatomy review"
"muscles","Flexor carpi radialis.l","Flexor carpi radialis.001","No canonical Phase 7 rule; requires anatomy review"
"muscles","Flexor carpi radialis.r","Flexor carpi radialis.001","No canonical Phase 7 rule; requires anatomy review"
"muscles","Humeral head of flexor carpi ulnaris.l","Humeral head of flexor carpi ulnaris.001","No canonical Phase 7 rule; requires anatomy review"
"muscles","Humeral head of flexor carpi ulnaris.r","Humeral head of flexor carpi ulnaris.001","No canonical Phase 7 rule; requires anatomy review"
"muscles","Humero-ulnar head of flexor digitorum superficialis.l","Humero-ulnar head of flexor digitorum superficialis.001","No canonical Phase 7 rule; requires anatomy review"
"muscles","Humero-ulnar head of flexor digitorum superficialis.r","Humero-ulnar head of flexor digitorum superficialis.001","No canonical Phase 7 rule; requires anatomy review"
"muscles","Palmaris longus muscle.l","Palmaris longus muscle.001","No canonical Phase 7 rule; requires anatomy review"
"muscles","Palmaris longus muscle.r","Palmaris longus muscle.001","No canonical Phase 7 rule; requires anatomy review"
"muscles","Radial head of flexor digitorum superficialis.l","Radial head of flexor digitorum superficialis.001","No canonical Phase 7 rule; requires anatomy review"
"muscles","Radial head of flexor digitorum superficialis.r","Radial head of flexor digitorum superficialis.001","No canonical Phase 7 rule; requires anatomy review"
"muscles","Superficial head of pronator teres.l","Superficial head of pronator teres.001","No canonical Phase 7 rule; requires anatomy review"
"muscles","Superficial head of pronator teres.r","Superficial head of pronator teres.001","No canonical Phase 7 rule; requires anatomy review"
"muscles","Ulnar head of flexor carpi ulnaris.l","Ulnar head of flexor carpi ulnaris.001","No canonical Phase 7 rule; requires anatomy review"
"muscles","Ulnar head of flexor carpi ulnaris.r","Ulnar head of flexor carpi ulnaris.001","No canonical Phase 7 rule; requires anatomy review"
"muscles","Abductor digiti minimi of hand.l","Abductor digiti minimi of hand.001","No canonical Phase 7 rule; requires anatomy review"
"muscles","Abductor digiti minimi of hand.r","Abductor digiti minimi of hand.001","No canonical Phase 7 rule; requires anatomy review"
"muscles","Abductor pollicis brevis.l","Abductor pollicis brevis.001","No canonical Phase 7 rule; requires anatomy review"
"muscles","Abductor pollicis brevis.r","Abductor pollicis brevis.001","No canonical Phase 7 rule; requires anatomy review"
"muscles","Deep head of flexor pollicis brevis.l","Deep head of flexor pollicis brevis.001","No canonical Phase 7 rule; requires anatomy review"
"muscles","Deep head of flexor pollicis brevis.r","Deep head of flexor pollicis brevis.001","No canonical Phase 7 rule; requires anatomy review"
"muscles","Dorsal interossei muscles of hand.l","Dorsal interossei muscles of hand.001","No canonical Phase 7 rule; requires anatomy review"
"muscles","Dorsal interossei muscles of hand.r","Dorsal interossei muscles of hand.001","No canonical Phase 7 rule; requires anatomy review"
"muscles","Flexor digiti minimi of hand.l","Flexor digiti minimi of hand.001","No canonical Phase 7 rule; requires anatomy review"
"muscles","Flexor digiti minimi of hand.r","Flexor digiti minimi of hand.001","No canonical Phase 7 rule; requires anatomy review"
"muscles","Lumbrical muscles of hand.l","Lumbrical muscles of hand.001","No canonical Phase 7 rule; requires anatomy review"
"muscles","Lumbrical muscles of hand.r","Lumbrical muscles of hand.001","No canonical Phase 7 rule; requires anatomy review"
"muscles","Oblique head of adductor pollicis.l","Oblique head of adductor pollicis.001","No canonical Phase 7 rule; requires anatomy review"
"muscles","Oblique head of adductor pollicis.r","Oblique head of adductor pollicis.001","No canonical Phase 7 rule; requires anatomy review"
"muscles","Opponens digiti minimi muscle of hand.l","Opponens digiti minimi muscle of hand.001","No canonical Phase 7 rule; requires anatomy review"
"muscles","Opponens digiti minimi muscle of hand.r","Opponens digiti minimi muscle of hand.001","No canonical Phase 7 rule; requires anatomy review"
"muscles","Opponens pollicis muscle.l","Opponens pollicis muscle.001","No canonical Phase 7 rule; requires anatomy review"
"muscles","Opponens pollicis muscle.r","Opponens pollicis muscle.001","No canonical Phase 7 rule; requires anatomy review"
"muscles","Palmar interossei muscles.l","Palmar interossei muscles.001","No canonical Phase 7 rule; requires anatomy review"
"muscles","Palmar interossei muscles.r","Palmar interossei muscles.001","No canonical Phase 7 rule; requires anatomy review"
"muscles","Superficial head of flexor pollicis brevis.l","Superficial head of flexor pollicis brevis.001","No canonical Phase 7 rule; requires anatomy review"
"muscles","Superficial head of flexor pollicis brevis.r","Superficial head of flexor pollicis brevis.001","No canonical Phase 7 rule; requires anatomy review"
"muscles","Transverse head of adductor pollicis.l","Transverse head of adductor pollicis.001","No canonical Phase 7 rule; requires anatomy review"
"muscles","Transverse head of adductor pollicis.r","Transverse head of adductor pollicis.001","No canonical Phase 7 rule; requires anatomy review"
"muscles","Lateral head of triceps brachii.l","Lateral head of triceps brachii.001","No canonical Phase 7 rule; requires anatomy review"
"muscles","Lateral head of triceps brachii.r","Lateral head of triceps brachii.001","No canonical Phase 7 rule; requires anatomy review"
"muscles","Long head of triceps brachii.l","Long head of triceps brachii.001","No canonical Phase 7 rule; requires anatomy review"
"muscles","Long head of triceps brachii.r","Long head of triceps brachii.001","No canonical Phase 7 rule; requires anatomy review"
"muscles","Medial head of triceps brachii.l","Medial head of triceps brachii.001","No canonical Phase 7 rule; requires anatomy review"
"muscles","Medial head of triceps brachii.r","Medial head of triceps brachii.001","No canonical Phase 7 rule; requires anatomy review"
"muscles","Abductor pollicis longus.l","Abductor pollicis longus.001","No canonical Phase 7 rule; requires anatomy review"
"muscles","Abductor pollicis longus.r","Abductor pollicis longus.001","No canonical Phase 7 rule; requires anatomy review"
"muscles","Extensor indicis.l","Extensor indicis.001","No canonical Phase 7 rule; requires anatomy review"
"muscles","Extensor indicis.r","Extensor indicis.001","No canonical Phase 7 rule; requires anatomy review"
"muscles","Extensor pollicis brevis.l","Extensor pollicis brevis.001","No canonical Phase 7 rule; requires anatomy review"
"muscles","Extensor pollicis brevis.r","Extensor pollicis brevis.001","No canonical Phase 7 rule; requires anatomy review"
"muscles","Extensor pollicis longus.l","Extensor pollicis longus.001","No canonical Phase 7 rule; requires anatomy review"
"muscles","Extensor pollicis longus.r","Extensor pollicis longus.001","No canonical Phase 7 rule; requires anatomy review"
"muscles","Supinator.l","Supinator.001","No canonical Phase 7 rule; requires anatomy review"
"muscles","Supinator.r","Supinator.001","No canonical Phase 7 rule; requires anatomy review"
"muscles","Anconeus muscle.l","Anconeus muscle.001","No canonical Phase 7 rule; requires anatomy review"
"muscles","Anconeus muscle.r","Anconeus muscle.001","No canonical Phase 7 rule; requires anatomy review"
"muscles","Brachioradialis muscle.l","Brachioradialis muscle.001","No canonical Phase 7 rule; requires anatomy review"
"muscles","Brachioradialis muscle.r","Brachioradialis muscle.001","No canonical Phase 7 rule; requires anatomy review"
"muscles","Extensor carpi radialis brevis.l","Extensor carpi radialis brevis.001","No canonical Phase 7 rule; requires anatomy review"
"muscles","Extensor carpi radialis brevis.r","Extensor carpi radialis brevis.001","No canonical Phase 7 rule; requires anatomy review"
"muscles","Extensor carpi radialis longus.l","Extensor carpi radialis longus.001","No canonical Phase 7 rule; requires anatomy review"
"muscles","Extensor carpi radialis longus.r","Extensor carpi radialis longus.001","No canonical Phase 7 rule; requires anatomy review"
"muscles","Extensor digiti minimi.l","Extensor digiti minimi.001","No canonical Phase 7 rule; requires anatomy review"
"muscles","Extensor digiti minimi.r","Extensor digiti minimi.001","No canonical Phase 7 rule; requires anatomy review"
"muscles","Extensor digitorum.l","Extensor digitorum.001","No canonical Phase 7 rule; requires anatomy review"
"muscles","Extensor digitorum.r","Extensor digitorum.001","No canonical Phase 7 rule; requires anatomy review"
"muscles","Humeral head of extensor carpi ulnaris.l","Humeral head of extensor carpi ulnaris.001","No canonical Phase 7 rule; requires anatomy review"
"muscles","Humeral head of extensor carpi ulnaris.r","Humeral head of extensor carpi ulnaris.001","No canonical Phase 7 rule; requires anatomy review"
"muscles","Ulnar head of extensor carpi ulnaris.l","Ulnar head of extensor carpi ulnaris.001","No canonical Phase 7 rule; requires anatomy review"
"muscles","Ulnar head of extensor carpi ulnaris.r","Ulnar head of extensor carpi ulnaris.001","No canonical Phase 7 rule; requires anatomy review"
"muscles","Clavicular part of deltoid muscle.l","Clavicular part of deltoid muscle.001","No canonical Phase 7 rule; requires anatomy review"
"muscles","Clavicular part of deltoid muscle.r","Clavicular part of deltoid muscle.001","No canonical Phase 7 rule; requires anatomy review"
"muscles","Scapular spinal part of deltoid muscle.l","Scapular spinal part of deltoid muscle.001","No canonical Phase 7 rule; requires anatomy review"
"muscles","Scapular spinal part of deltoid muscle.r","Scapular spinal part of deltoid muscle.001","No canonical Phase 7 rule; requires anatomy review"
"muscles","Infraspinatus muscle.l","Infraspinatus muscle.001","No canonical Phase 7 rule; requires anatomy review"
"muscles","Infraspinatus muscle.r","Infraspinatus muscle.001","No canonical Phase 7 rule; requires anatomy review"
"muscles","Subscapularis muscle.l","Subscapularis muscle.001","No canonical Phase 7 rule; requires anatomy review"
"muscles","Subscapularis muscle.r","Subscapularis muscle.001","No canonical Phase 7 rule; requires anatomy review"
"muscles","Supraspinatus muscle.l","Supraspinatus muscle.001","No canonical Phase 7 rule; requires anatomy review"
"muscles","Supraspinatus muscle.r","Supraspinatus muscle.001","No canonical Phase 7 rule; requires anatomy review"
"muscles","Teres minor muscle.l","Teres minor muscle.001","No canonical Phase 7 rule; requires anatomy review"
"muscles","Teres minor muscle.r","Teres minor muscle.001","No canonical Phase 7 rule; requires anatomy review"
"muscles","Teres major muscle.l","Teres major muscle.001","No canonical Phase 7 rule; requires anatomy review"
"muscles","Teres major muscle.r","Teres major muscle.001","No canonical Phase 7 rule; requires anatomy review"
"muscles","Tendon sheath - abd. pollicis longus - ext. pollicis brevis.l","Tendon sheath - abd. pollicis longus - ext. pollicis brevis.001","No canonical Phase 7 rule; requires anatomy review"
"muscles","Tendon sheath - abd. pollicis longus - ext. pollicis brevis.r","Tendon sheath - abd. pollicis longus - ext. pollicis brevis.001","No canonical Phase 7 rule; requires anatomy review"
"muscles","Tendon sheath of extensor carpi ulnaris.l","Tendon sheath of extensor carpi ulnaris.003","No canonical Phase 7 rule; requires anatomy review"
"muscles","Tendon sheath of extensor carpi ulnaris.r","Tendon sheath of extensor carpi ulnaris.004","No canonical Phase 7 rule; requires anatomy review"
"muscles","Tendon sheath of extensor digiti minimi manus.l","Tendon sheath of extensor digiti minimi manus.004","No canonical Phase 7 rule; requires anatomy review"
"muscles","Tendon sheath of extensor digiti minimi manus.r","Tendon sheath of extensor digiti minimi manus.003","No canonical Phase 7 rule; requires anatomy review"
"muscles","Tendon sheath of extensor digitorum and extensor indicis.l","Tendon sheath of extensor digitorum and extensor indicis.004","No canonical Phase 7 rule; requires anatomy review"
"muscles","Tendon sheath of extensor digitorum and extensor indicis.r","Tendon sheath of extensor digitorum and extensor indicis.003","No canonical Phase 7 rule; requires anatomy review"
"muscles","Tendon sheath of extensor pollicis longus.l","Tendon sheath of extensor pollicis longus.004","No canonical Phase 7 rule; requires anatomy review"
"muscles","Tendon sheath of extensor pollicis longus.r","Tendon sheath of extensor pollicis longus.003","No canonical Phase 7 rule; requires anatomy review"
"muscles","Tendon sheath of extensors carpi radialis.l","Tendon sheath of extensors carpi radialis.004","No canonical Phase 7 rule; requires anatomy review"
"muscles","Tendon sheath of extensors carpi radialis.r","Tendon sheath of extensors carpi radialis.003","No canonical Phase 7 rule; requires anatomy review"
"muscles","Common flexor tendon sheath.l","Common flexor tendon sheath.004","No canonical Phase 7 rule; requires anatomy review"
"muscles","Common flexor tendon sheath.r","Common flexor tendon sheath.003","No canonical Phase 7 rule; requires anatomy review"
"muscles","Tendon sheath of flexor carpi radialis.l","Tendon sheath of flexor carpi radialis.004","No canonical Phase 7 rule; requires anatomy review"
"muscles","Tendon sheath of flexor carpi radialis.r","Tendon sheath of flexor carpi radialis.003","No canonical Phase 7 rule; requires anatomy review"
"muscles","Tendon sheath of flexor pollicis longus.l","Tendon sheath of flexor pollicis longus.004","No canonical Phase 7 rule; requires anatomy review"
"muscles","Tendon sheath of flexor pollicis longus.r","Tendon sheath of flexor pollicis longus.003","No canonical Phase 7 rule; requires anatomy review"
"muscles","Intertubercular tendon sheath.l","Intertubercular tendon sheath.004","No canonical Phase 7 rule; requires anatomy review"
"muscles","Intertubercular tendon sheath.r","Intertubercular tendon sheath.003","No canonical Phase 7 rule; requires anatomy review"
"muscles","Cruciform part of fibrous sheath of digit of hand.l","Cruciform part of fibrous sheath of digit of hand.004","No canonical Phase 7 rule; requires anatomy review"
"muscles","Cruciform part of fibrous sheath of digit of hand.r","Cruciform part of fibrous sheath of digit of hand.003","No canonical Phase 7 rule; requires anatomy review"
"muscles","Synovial sheaths of digits of hand.l","Synovial sheaths of digits of hand.004","No canonical Phase 7 rule; requires anatomy review"
"muscles","Synovial sheaths of digits of hand.r","Synovial sheaths of digits of hand.003","No canonical Phase 7 rule; requires anatomy review"
"muscles","Coccygeus muscle.l","Coccygeus muscle.t.001","No canonical Phase 7 rule; requires anatomy review"
"muscles","Coccygeus muscle.r","Coccygeus muscle.t.001","No canonical Phase 7 rule; requires anatomy review"
"muscles","Iliococcygeus muscle.l","Iliococcygeus muscle.001","No canonical Phase 7 rule; requires anatomy review"
"muscles","Iliococcygeus muscle.r","Iliococcygeus muscle.001","No canonical Phase 7 rule; requires anatomy review"
"muscles","Pubo-analis muscle.l","Pubo-analis muscle.001","No canonical Phase 7 rule; requires anatomy review"
"muscles","Pubo-analis muscle.r","Pubo-analis muscle.001","No canonical Phase 7 rule; requires anatomy review"
"muscles","Pubococcygeus muscle.l","Pubococcygeus muscle.001","No canonical Phase 7 rule; requires anatomy review"
"muscles","Pubococcygeus muscle.r","Pubococcygeus muscle.001","No canonical Phase 7 rule; requires anatomy review"
"muscles","Tendinous arch of levator ani.l","Tendinous arch of levator ani.r.001","No canonical Phase 7 rule; requires anatomy review"
"muscles","Tendinous arch of levator ani.r","Tendinous arch of levator ani.r.001","No canonical Phase 7 rule; requires anatomy review"
"muscles","External anal sphincter.l","External anal sphincter.001","No canonical Phase 7 rule; requires anatomy review"
"muscles","External anal sphincter.r","External anal sphincter.001","No canonical Phase 7 rule; requires anatomy review"
"muscles","Diaphragm","Diaphragm.002","No canonical Phase 7 rule; requires anatomy review"
"muscles","External intercostal muscles.l","External intercostal muscles.001","No canonical Phase 7 rule; requires anatomy review"
"muscles","External intercostal muscles.r","External intercostal muscles.001","No canonical Phase 7 rule; requires anatomy review"
"muscles","Innermost intercostal muscles.l","Innermost intercostal muscles.001","No canonical Phase 7 rule; requires anatomy review"
"muscles","Innermost intercostal muscles.r","Innermost intercostal muscles.001","No canonical Phase 7 rule; requires anatomy review"
"muscles","Internal intercostal muscles.l","Internal intercostal muscles.001","No canonical Phase 7 rule; requires anatomy review"
"muscles","Internal intercostal muscles.r","Internal intercostal muscles.001","No canonical Phase 7 rule; requires anatomy review"
"muscles","Levatores breves costarum.l","Levatores breves costarum.001","No canonical Phase 7 rule; requires anatomy review"
"muscles","Levatores breves costarum.r","Levatores breves costarum.001","No canonical Phase 7 rule; requires anatomy review"
"muscles","Levatores longi costarum.l","Levatores longi costarum.001","No canonical Phase 7 rule; requires anatomy review"
"muscles","Levatores longi costarum.r","Levatores longi costarum.001","No canonical Phase 7 rule; requires anatomy review"
"muscles","(Abdominal part of pectoralis major muscle).l","(Abdominal part of pectoralis major muscle).001","No canonical Phase 7 rule; requires anatomy review"
"muscles","(Abdominal part of pectoralis major muscle).r","(Abdominal part of pectoralis major muscle).001","No canonical Phase 7 rule; requires anatomy review"
"muscles","Clavicular head of pectoralis major muscle.l","Clavicular head of pectoralis major muscle.001","No canonical Phase 7 rule; requires anatomy review"
"muscles","Clavicular head of pectoralis major muscle.r","Clavicular head of pectoralis major muscle.001","No canonical Phase 7 rule; requires anatomy review"
"muscles","Sternocostal head of pectoralis major muscle.l","Sternocostal head of pectoralis major muscle.001","No canonical Phase 7 rule; requires anatomy review"
"muscles","Sternocostal head of pectoralis major muscle.r","Sternocostal head of pectoralis major muscle.001","No canonical Phase 7 rule; requires anatomy review"
"muscles","Pectoralis minor muscle.l","Pectoralis minor muscle.001","No canonical Phase 7 rule; requires anatomy review"
"muscles","Pectoralis minor muscle.r","Pectoralis minor muscle.001","No canonical Phase 7 rule; requires anatomy review"
"muscles","Serratus anterior muscle.l","Serratus anterior muscle.001","No canonical Phase 7 rule; requires anatomy review"
"muscles","Serratus anterior muscle.r","Serratus anterior muscle.001","No canonical Phase 7 rule; requires anatomy review"
"muscles","Subclavius muscle.l","Subclavius muscle.001","No canonical Phase 7 rule; requires anatomy review"
"muscles","Subclavius muscle.r","Subclavius muscle.001","No canonical Phase 7 rule; requires anatomy review"
"muscles","Transversus thoracis muscle.l","Transversus thoracis muscle.001","No canonical Phase 7 rule; requires anatomy review"
"muscles","Transversus thoracis muscle.r","Transversus thoracis muscle.001","No canonical Phase 7 rule; requires anatomy review"
"skeleton","Appendicular skeleton.j","Appendicular skeleton.j.003","No canonical Phase 7 rule; requires anatomy review"
"skeleton","Pelvic girdle.j","Pelvic girdle.j.003","No canonical Phase 7 rule; requires anatomy review"
"skeleton","Skeleton of free lower limb.j","Skeleton of free lower limb.j.003","No canonical Phase 7 rule; requires anatomy review"
"skeleton","Skeleton of lower limbs.j","Skeleton of lower limbs.j.003","No canonical Phase 7 rule; requires anatomy review"
"skeleton","Pectoral girdle.j","Pectoral girdle.j.003","No canonical Phase 7 rule; requires anatomy review"
"skeleton","Skeleton of free upper limb.j","Skeleton of free upper limb.j.003","No canonical Phase 7 rule; requires anatomy review"
"skeleton","Skeleton of upper limbs.j","Skeleton of upper limbs.j.003","No canonical Phase 7 rule; requires anatomy review"
"skeleton","Auditory ossicles.j","Auditory ossicles.j.003","No canonical Phase 7 rule; requires anatomy review"
"skeleton","Incus.l","Incus.003","No canonical Phase 7 rule; requires anatomy review"
"skeleton","Articular facet for malleus.i","Articular facet for malleus.j.006","No canonical Phase 7 rule; requires anatomy review"
"skeleton","Articular facet for stapes.i","Articular facet for stapes.j.006","No canonical Phase 7 rule; requires anatomy review"
"skeleton","Body of incus.i","Body of incus.j.006","No canonical Phase 7 rule; requires anatomy review"
"skeleton","Lenticular process of incus.i","Lenticular process of incus.j.006","No canonical Phase 7 rule; requires anatomy review"
"skeleton","Long limb of incus.i","Long limb of incus.j.006","No canonical Phase 7 rule; requires anatomy review"
"skeleton","Incus.r","Incus.003","No canonical Phase 7 rule; requires anatomy review"
"skeleton","Articular facet for malleus.j","Articular facet for malleus.j.005","No canonical Phase 7 rule; requires anatomy review"
"skeleton","Articular facet for stapes.j","Articular facet for stapes.j.005","No canonical Phase 7 rule; requires anatomy review"
"skeleton","Body of incus.j","Body of incus.j.005","No canonical Phase 7 rule; requires anatomy review"
"skeleton","Lenticular process of incus.j","Lenticular process of incus.j.005","No canonical Phase 7 rule; requires anatomy review"
"skeleton","Long limb of incus.j","Long limb of incus.j.005","No canonical Phase 7 rule; requires anatomy review"
"skeleton","Malleus.l","Malleus.003","No canonical Phase 7 rule; requires anatomy review"
"skeleton","Anterior process of malleus.i","Anterior process of malleus.j.006","No canonical Phase 7 rule; requires anatomy review"
"skeleton","Articular facet of head of malleus.i","Articular facet of head of malleus.j.006","No canonical Phase 7 rule; requires anatomy review"
"skeleton","Handle of malleus.i","Handle of malleus.j.006","No canonical Phase 7 rule; requires anatomy review"
"skeleton","Head of malleus.i","Head of malleus.j.006","No canonical Phase 7 rule; requires anatomy review"
"skeleton","Lateral process of malleus.i","Lateral process of malleus.j.006","No canonical Phase 7 rule; requires anatomy review"
"skeleton","Neck of malleus.i","Neck of malleus.j.006","No canonical Phase 7 rule; requires anatomy review"
"skeleton","Malleus.r","Malleus.003","No canonical Phase 7 rule; requires anatomy review"
"skeleton","Anterior process of malleus.j","Anterior process of malleus.j.005","No canonical Phase 7 rule; requires anatomy review"
"skeleton","Articular facet of head of malleus.j","Articular facet of head of malleus.j.005","No canonical Phase 7 rule; requires anatomy review"
"skeleton","Handle of malleus.j","Handle of malleus.j.005","No canonical Phase 7 rule; requires anatomy review"
"skeleton","Head of malleus.j","Head of malleus.j.005","No canonical Phase 7 rule; requires anatomy review"
"skeleton","Lateral process of malleus.j","Lateral process of malleus.j.005","No canonical Phase 7 rule; requires anatomy review"
"skeleton","Neck of malleus.j","Neck of malleus.j.005","No canonical Phase 7 rule; requires anatomy review"
"skeleton","Stapes.l","Stapes.003","No canonical Phase 7 rule; requires anatomy review"
"skeleton","Anterior limb of stapes.i","Anterior limb of stapes.j.006","No canonical Phase 7 rule; requires anatomy review"
"skeleton","Articular facet of head of stapes.i","Articular facet of head of stapes.j.006","No canonical Phase 7 rule; requires anatomy review"
"skeleton","Base of stapes.i","Base of stapes.j.006","No canonical Phase 7 rule; requires anatomy review"
"skeleton","Posterior limb of stapes.i","Posterior limb of stapes.j.006","No canonical Phase 7 rule; requires anatomy review"
"skeleton","Stapes.i","Stapes.j.006","No canonical Phase 7 rule; requires anatomy review"
"skeleton","Stapes.r","Stapes.003","No canonical Phase 7 rule; requires anatomy review"
"skeleton","Anterior limb of stapes.j","Anterior limb of stapes.j.005","No canonical Phase 7 rule; requires anatomy review"
"skeleton","Articular facet of head of stapes.j","Articular facet of head of stapes.j.005","No canonical Phase 7 rule; requires anatomy review"
"skeleton","Base of stapes.j","Base of stapes.j.005","No canonical Phase 7 rule; requires anatomy review"
"skeleton","Posterior limb of stapes.j","Posterior limb of stapes.j.005","No canonical Phase 7 rule; requires anatomy review"
"skeleton","Stapes.j","Stapes.j.005","No canonical Phase 7 rule; requires anatomy review"
"skeleton","Axial skeleton.j","Axial skeleton.j.003","No canonical Phase 7 rule; requires anatomy review"
"skeleton","Facial bones.j","Facial bones.j.003","No canonical Phase 7 rule; requires anatomy review"
"skeleton","Neurocranium.j","Neurocranium.j.003","No canonical Phase 7 rule; requires anatomy review"
"skeleton","Viscerocranium.j","Viscerocranium.j.003","No canonical Phase 7 rule; requires anatomy review"
"skeleton","Bones of foot.j","Bones of foot.j.003","No canonical Phase 7 rule; requires anatomy review"
"skeleton","Fifth metatarsal bone.l","Fifth metatarsal bone.003","No canonical Phase 7 rule; requires anatomy review"
"skeleton","(Opponens digiti minimi muscle of foot).ol","(Opponens digiti minimi muscle of foot).o.006","No canonical Phase 7 rule; requires anatomy review"
"skeleton","Fibularis brevis muscle.el","Fibularis brevis muscle.e.006","No canonical Phase 7 rule; requires anatomy review"
"skeleton","Fibularis tertius muscle.el","Fibularis tertius muscle.e.006","No canonical Phase 7 rule; requires anatomy review"
"skeleton","Fifth metatarsal bone.i","Fifth metatarsal bone.j.006","No canonical Phase 7 rule; requires anatomy review"
"skeleton","Transverse head of adductor hallucis.e1l","Transverse head of adductor hallucis.e1.006","No canonical Phase 7 rule; requires anatomy review"
"skeleton","Fifth metatarsal bone.r","Fifth metatarsal bone.003","No canonical Phase 7 rule; requires anatomy review"
"skeleton","(Opponens digiti minimi muscle of foot).or","(Opponens digiti minimi muscle of foot).o.005","No canonical Phase 7 rule; requires anatomy review"
"skeleton","Fibularis brevis muscle.er","Fibularis brevis muscle.e.005","No canonical Phase 7 rule; requires anatomy review"
"skeleton","Fibularis tertius muscle.er","Fibularis tertius muscle.e.005","No canonical Phase 7 rule; requires anatomy review"
"skeleton","Fifth metatarsal bone.j","Fifth metatarsal bone.j.005","No canonical Phase 7 rule; requires anatomy review"
"skeleton","Plantar interossei muscles.o2l","Plantar interossei muscles.o2.003","No canonical Phase 7 rule; requires anatomy review"
"skeleton","Transverse head of adductor hallucis.e1r","Transverse head of adductor hallucis.e1.005","No canonical Phase 7 rule; requires anatomy review"
"skeleton","First metatarsal bone.l","First metatarsal bone.003","No canonical Phase 7 rule; requires anatomy review"
"skeleton","First metatarsal bone.i","First metatarsal bone.j.006","No canonical Phase 7 rule; requires anatomy review"
"skeleton","Lateral head of flexor hallucis brevis.o1l","Lateral head of flexor hallucis brevis.o1.006","No canonical Phase 7 rule; requires anatomy review"
"skeleton","Long plantar ligament.o1l","Long plantar ligament.o1.006","No canonical Phase 7 rule; requires anatomy review"
"skeleton","Tibialis anterior muscle.e1l","Tibialis anterior muscle.e1.006","No canonical Phase 7 rule; requires anatomy review"
"skeleton","First metatarsal bone.r","First metatarsal bone.003","No canonical Phase 7 rule; requires anatomy review"
"skeleton","First metatarsal bone.j","First metatarsal bone.j.005","No canonical Phase 7 rule; requires anatomy review"
"skeleton","Lateral head of flexor hallucis brevis.o1r","Lateral head of flexor hallucis brevis.o1.005","No canonical Phase 7 rule; requires anatomy review"
"skeleton","Long plantar ligament.o1r","Long plantar ligament.o1.005","No canonical Phase 7 rule; requires anatomy review"
"skeleton","Tibialis anterior muscle.e1r","Tibialis anterior muscle.e1.005","No canonical Phase 7 rule; requires anatomy review"
"skeleton","Fourth metatarsal bone.l","Fourth metatarsal bone.003","No canonical Phase 7 rule; requires anatomy review"
"skeleton","Long plantar ligament.o4l","Long plantar ligament.o4.006","No canonical Phase 7 rule; requires anatomy review"
"skeleton","Oblique head of adductor hallucis.o1l","Oblique head of adductor hallucis.o1.006","No canonical Phase 7 rule; requires anatomy review"
"skeleton","Transverse head of adductor hallucis.e2l","Transverse head of adductor hallucis.e2.006","No canonical Phase 7 rule; requires anatomy review"
"skeleton","Fourth metatarsal bone.r","Fourth metatarsal bone.003","No canonical Phase 7 rule; requires anatomy review"
"skeleton","Long plantar ligament.o4r","Long plantar ligament.o4.005","No canonical Phase 7 rule; requires anatomy review"
"skeleton","Oblique head of adductor hallucis.o1r","Oblique head of adductor hallucis.o1.005","No canonical Phase 7 rule; requires anatomy review"
"skeleton","Plantar interossei muscles.o1l","Plantar interossei muscles.o1.003","No canonical Phase 7 rule; requires anatomy review"
"skeleton","Transverse head of adductor hallucis.e2r","Transverse head of adductor hallucis.e2.005","No canonical Phase 7 rule; requires anatomy review"
"skeleton","Metatarsal bones.j","Metatarsal bones.j.003","No canonical Phase 7 rule; requires anatomy review"
"skeleton","Second metatarsal bone.l","Second metatarsal bone.003","No canonical Phase 7 rule; requires anatomy review"
"skeleton","Long plantar ligament.o2l","Long plantar ligament.o2.006","No canonical Phase 7 rule; requires anatomy review"
"skeleton","Second metatarsal bone.r","Second metatarsal bone.003","No canonical Phase 7 rule; requires anatomy review"
"skeleton","Long plantar ligament.o2r","Long plantar ligament.o2.005","No canonical Phase 7 rule; requires anatomy review"
"skeleton","Third metatarsal bone.l","Third metatarsal bone.003","No canonical Phase 7 rule; requires anatomy review"
"skeleton","Base of metatarsal bone.i","Base of metatarsal bone.j.006","No canonical Phase 7 rule; requires anatomy review"
"skeleton","Body of metatarsal bone.i","Body of metatarsal bone.j.006","No canonical Phase 7 rule; requires anatomy review"
"skeleton","Head of metatarsal bone.i","Head of metatarsal bone.j.006","No canonical Phase 7 rule; requires anatomy review"
"skeleton","Long plantar ligament.o3l","Long plantar ligament.o3.006","No canonical Phase 7 rule; requires anatomy review"
"skeleton","Transverse head of adductor hallucis.e3l","Transverse head of adductor hallucis.e3.006","No canonical Phase 7 rule; requires anatomy review"
"skeleton","Third metatarsal bone.r","Third metatarsal bone.003","No canonical Phase 7 rule; requires anatomy review"
"skeleton","Base of metatarsal bone.j","Base of metatarsal bone.j.005","No canonical Phase 7 rule; requires anatomy review"
"skeleton","Body of metatarsal bone.j","Body of metatarsal bone.j.005","No canonical Phase 7 rule; requires anatomy review"
"skeleton","Head of metatarsal bone.j","Head of metatarsal bone.j.005","No canonical Phase 7 rule; requires anatomy review"
"skeleton","Long plantar ligament.o3r","Long plantar ligament.o3.005","No canonical Phase 7 rule; requires anatomy review"
"skeleton","Plantar interossei muscles.ol","Plantar interossei muscles.o.003","No canonical Phase 7 rule; requires anatomy review"
"skeleton","Transverse head of adductor hallucis.e3r","Transverse head of adductor hallucis.e3.005","No canonical Phase 7 rule; requires anatomy review"
"skeleton","Distal phalanx of fifth finger of foot.l","Distal phalanx of fifth finger of foot.003","No canonical Phase 7 rule; requires anatomy review"
"skeleton","Extensor digitorum longus.e3l","Extensor digitorum longus.e3.006","No canonical Phase 7 rule; requires anatomy review"
"skeleton","Flexor digitorum longus.e3l","Flexor digitorum longus.e3.006","No canonical Phase 7 rule; requires anatomy review"
"skeleton","Distal phalanx of fifth finger of foot.r","Distal phalanx of fifth finger of foot.003","No canonical Phase 7 rule; requires anatomy review"
"skeleton","Extensor digitorum longus.e3r","Extensor digitorum longus.e3.005","No canonical Phase 7 rule; requires anatomy review"
"skeleton","Flexor digitorum longus.e3r","Flexor digitorum longus.e3.005","No canonical Phase 7 rule; requires anatomy review"
"skeleton","Distal phalanx of first finger of foot.l","Distal phalanx of first finger of foot.003","No canonical Phase 7 rule; requires anatomy review"
"skeleton","Flexor hallucis longus.el","Flexor hallucis longus.e.006","No canonical Phase 7 rule; requires anatomy review"
"skeleton","Distal phalanx of first finger of foot.r","Distal phalanx of first finger of foot.003","No canonical Phase 7 rule; requires anatomy review"
"skeleton","Flexor hallucis longus.er","Flexor hallucis longus.e.005","No canonical Phase 7 rule; requires anatomy review"
"skeleton","Distal phalanx of fourth finger of foot.l","Distal phalanx of fourth finger of foot.003","No canonical Phase 7 rule; requires anatomy review"
"skeleton","Extensor digitorum longus.e2l","Extensor digitorum longus.e2.006","No canonical Phase 7 rule; requires anatomy review"
"skeleton","Flexor digitorum longus.e2l","Flexor digitorum longus.e2.006","No canonical Phase 7 rule; requires anatomy review"
"skeleton","Distal phalanx of fourth finger of foot.r","Distal phalanx of fourth finger of foot.003","No canonical Phase 7 rule; requires anatomy review"
"skeleton","Extensor digitorum longus.e2r","Extensor digitorum longus.e2.005","No canonical Phase 7 rule; requires anatomy review"
"skeleton","Flexor digitorum longus.e2r","Flexor digitorum longus.e2.005","No canonical Phase 7 rule; requires anatomy review"
"skeleton","Distal phalanx of second finger of foot.l","Distal phalanx of second finger of foot.003","No canonical Phase 7 rule; requires anatomy review"
"skeleton","Extensor digitorum longus.el","Extensor digitorum longus.e.006","No canonical Phase 7 rule; requires anatomy review"
"skeleton","Flexor digitorum longus.el","Flexor digitorum longus.e.006","No canonical Phase 7 rule; requires anatomy review"
"skeleton","Distal phalanx of second finger of foot.r","Distal phalanx of second finger of foot.003","No canonical Phase 7 rule; requires anatomy review"
"skeleton","Extensor digitorum longus.er","Extensor digitorum longus.e.005","No canonical Phase 7 rule; requires anatomy review"
"skeleton","Flexor digitorum longus.er","Flexor digitorum longus.e.005","No canonical Phase 7 rule; requires anatomy review"
"skeleton","Distal phalanx of third finger of foot.l","Distal phalanx of third finger of foot.003","No canonical Phase 7 rule; requires anatomy review"
"skeleton","Extensor digitorum longus.e1l","Extensor digitorum longus.e1.006","No canonical Phase 7 rule; requires anatomy review"
"skeleton","Flexor digitorum longus.e1l","Flexor digitorum longus.e1.006","No canonical Phase 7 rule; requires anatomy review"
"skeleton","Tuberosity of distal phalanx of foot.i","Tuberosity of distal phalanx of foot.j.006","No canonical Phase 7 rule; requires anatomy review"
"skeleton","Distal phalanx of third finger of foot.r","Distal phalanx of third finger of foot.003","No canonical Phase 7 rule; requires anatomy review"
"skeleton","Extensor digitorum longus.e1r","Extensor digitorum longus.e1.005","No canonical Phase 7 rule; requires anatomy review"
"skeleton","Flexor digitorum longus.e1r","Flexor digitorum longus.e1.005","No canonical Phase 7 rule; requires anatomy review"
"skeleton","Tuberosity of distal phalanx of foot.j","Tuberosity of distal phalanx of foot.j.005","No canonical Phase 7 rule; requires anatomy review"
"skeleton","Middle phalanx of fifth finger of foot.l","Middle phalanx of fifth finger of foot.003","No canonical Phase 7 rule; requires anatomy review"
"skeleton","Extensor digitorum longus.e4l","Extensor digitorum longus.e4.006","No canonical Phase 7 rule; requires anatomy review"
"skeleton","Flexor digitorum brevis.e2l","Flexor digitorum brevis.e2.006","No canonical Phase 7 rule; requires anatomy review"
"skeleton","Middle phalanx of fifth finger of foot.r","Middle phalanx of fifth finger of foot.003","No canonical Phase 7 rule; requires anatomy review"
"skeleton","Extensor digitorum longus.e4r","Extensor digitorum longus.e4.005","No canonical Phase 7 rule; requires anatomy review"
"skeleton","Flexor digitorum brevis.e2r","Flexor digitorum brevis.e2.005","No canonical Phase 7 rule; requires anatomy review"
"skeleton","Middle phalanx of fourth finger of foot.l","Middle phalanx of fourth finger of foot.003","No canonical Phase 7 rule; requires anatomy review"
"skeleton","Extensor digitorum brevis.e2l","Extensor digitorum brevis.e2.006","No canonical Phase 7 rule; requires anatomy review"
"skeleton","Middle phalanx of fourth finger of foot.r","Middle phalanx of fourth finger of foot.003","No canonical Phase 7 rule; requires anatomy review"
"skeleton","Extensor digitorum brevis.e2r","Extensor digitorum brevis.e2.005","No canonical Phase 7 rule; requires anatomy review"
"skeleton","Middle phalanx of second finger of foot.l","Middle phalanx of second finger of foot.003","No canonical Phase 7 rule; requires anatomy review"
"skeleton","Extensor digitorum brevis.el","Extensor digitorum brevis.e.006","No canonical Phase 7 rule; requires anatomy review"
"skeleton","Flexor digitorum brevis.el","Flexor digitorum brevis.e.006","No canonical Phase 7 rule; requires anatomy review"
"skeleton","Middle phalanx of second finger of foot.r","Middle phalanx of second finger of foot.003","No canonical Phase 7 rule; requires anatomy review"
"skeleton","Extensor digitorum brevis.er","Extensor digitorum brevis.e.005","No canonical Phase 7 rule; requires anatomy review"
"skeleton","Flexor digitorum brevis.er","Flexor digitorum brevis.e.005","No canonical Phase 7 rule; requires anatomy review"
"skeleton","Middle phalanx of third finger of foot.l","Middle phalanx of third finger of foot.003","No canonical Phase 7 rule; requires anatomy review"
"skeleton","Extensor digitorum brevis.e1l","Extensor digitorum brevis.e1.006","No canonical Phase 7 rule; requires anatomy review"
"skeleton","Flexor digitorum brevis.e1l","Flexor digitorum brevis.e1.006","No canonical Phase 7 rule; requires anatomy review"
"skeleton","Middle phalanx of third finger of foot.r","Middle phalanx of third finger of foot.003","No canonical Phase 7 rule; requires anatomy review"
"skeleton","Extensor digitorum brevis.e1r","Extensor digitorum brevis.e1.005","No canonical Phase 7 rule; requires anatomy review"
"skeleton","Flexor digitorum brevis.e1r","Flexor digitorum brevis.e1.005","No canonical Phase 7 rule; requires anatomy review"
"skeleton","Phalanges of foot.j","Phalanges of foot.j.003","No canonical Phase 7 rule; requires anatomy review"
"skeleton","Proximal phalanx of fifth finger of foot.l","Proximal phalanx of fifth finger of foot.003","No canonical Phase 7 rule; requires anatomy review"
"skeleton","Abductor digiti minimi of foot.el","Abductor digiti minimi of foot.e.006","No canonical Phase 7 rule; requires anatomy review"
"skeleton","Flexor digiti minimi of foot.el","Flexor digiti minimi of foot.e.006","No canonical Phase 7 rule; requires anatomy review"
"skeleton","Proximal phalanx of fifth finger of foot.r","Proximal phalanx of fifth finger of foot.003","No canonical Phase 7 rule; requires anatomy review"
"skeleton","Abductor digiti minimi of foot.er","Abductor digiti minimi of foot.e.005","No canonical Phase 7 rule; requires anatomy review"
"skeleton","Flexor digiti minimi of foot.er","Flexor digiti minimi of foot.e.005","No canonical Phase 7 rule; requires anatomy review"
"skeleton","Plantar interossei muscles.e2l","Plantar interossei muscles.e2.003","No canonical Phase 7 rule; requires anatomy review"
"skeleton","Proximal phalanx of first finger of foot.l","Proximal phalanx of first finger of foot.003","No canonical Phase 7 rule; requires anatomy review"
"skeleton","Abductor hallucis.el","Abductor hallucis.e.006","No canonical Phase 7 rule; requires anatomy review"
"skeleton","Extensor hallucis longus.el","Extensor hallucis longus.e.006","No canonical Phase 7 rule; requires anatomy review"
"skeleton","Lateral head of flexor hallucis brevis.el","Lateral head of flexor hallucis brevis.e.006","No canonical Phase 7 rule; requires anatomy review"
"skeleton","Medial head of flexor hallucis brevis.el","Medial head of flexor hallucis brevis.e.006","No canonical Phase 7 rule; requires anatomy review"
"skeleton","Proximal phalanx of first finger of foot.r","Proximal phalanx of first finger of foot.003","No canonical Phase 7 rule; requires anatomy review"
"skeleton","Abductor hallucis.er","Abductor hallucis.e.005","No canonical Phase 7 rule; requires anatomy review"
"skeleton","Extensor hallucis longus.er","Extensor hallucis longus.e.005","No canonical Phase 7 rule; requires anatomy review"
"skeleton","Lateral head of flexor hallucis brevis.er","Lateral head of flexor hallucis brevis.e.005","No canonical Phase 7 rule; requires anatomy review"
"skeleton","Medial head of flexor hallucis brevis.er","Medial head of flexor hallucis brevis.e.005","No canonical Phase 7 rule; requires anatomy review"
"skeleton","Proximal phalanx of fourth finger of foot.l","Proximal phalanx of fourth finger of foot.003","No canonical Phase 7 rule; requires anatomy review"
"skeleton","Proximal phalanx of fourth finger of foot.r","Proximal phalanx of fourth finger of foot.003","No canonical Phase 7 rule; requires anatomy review"
"skeleton","Plantar interossei muscles.e1l","Plantar interossei muscles.e1.003","No canonical Phase 7 rule; requires anatomy review"
"skeleton","Proximal phalanx of second finger of foot.l","Proximal phalanx of second finger of foot.003","No canonical Phase 7 rule; requires anatomy review"
"skeleton","Proximal phalanx of second finger of foot.r","Proximal phalanx of second finger of foot.003","No canonical Phase 7 rule; requires anatomy review"
"skeleton","Proximal phalanx of third finger of foot.l","Proximal phalanx of third finger of foot.003","No canonical Phase 7 rule; requires anatomy review"
"skeleton","Base of phalanx of foot.i","Base of phalanx of foot.j.006","No canonical Phase 7 rule; requires anatomy review"
"skeleton","Body of phalanx of foot.i","Body of phalanx of foot.j.006","No canonical Phase 7 rule; requires anatomy review"
"skeleton","Head of phalanx of foot.i","Head of phalanx of foot.j.006","No canonical Phase 7 rule; requires anatomy review"
"skeleton","Trochlea of phalanx of foot.i","Trochlea of phalanx of foot.j.006","No canonical Phase 7 rule; requires anatomy review"
"skeleton","Proximal phalanx of third finger of foot.r","Proximal phalanx of third finger of foot.003","No canonical Phase 7 rule; requires anatomy review"
"skeleton","Base of phalanx of foot.j","Base of phalanx of foot.j.005","No canonical Phase 7 rule; requires anatomy review"
"skeleton","Body of phalanx of foot.j","Body of phalanx of foot.j.005","No canonical Phase 7 rule; requires anatomy review"
"skeleton","Head of phalanx of foot.j","Head of phalanx of foot.j.005","No canonical Phase 7 rule; requires anatomy review"
"skeleton","Plantar interossei muscles.el","Plantar interossei muscles.e.003","No canonical Phase 7 rule; requires anatomy review"
"skeleton","Trochlea of phalanx of foot.j","Trochlea of phalanx of foot.j.005","No canonical Phase 7 rule; requires anatomy review"
"skeleton","Sesamoid bones of foot.l","Sesamoid bones of foot.003","No canonical Phase 7 rule; requires anatomy review"
"skeleton","Oblique head of adductor hallucis.el","Oblique head of adductor hallucis.e.006","No canonical Phase 7 rule; requires anatomy review"
"skeleton","Transverse head of adductor hallucis.ol","Transverse head of adductor hallucis.o.006","No canonical Phase 7 rule; requires anatomy review"
"skeleton","Sesamoid bones of foot.r","Sesamoid bones of foot.003","No canonical Phase 7 rule; requires anatomy review"
"skeleton","Oblique head of adductor hallucis.er","Oblique head of adductor hallucis.e.005","No canonical Phase 7 rule; requires anatomy review"
"skeleton","Transverse head of adductor hallucis.or","Transverse head of adductor hallucis.o.005","No canonical Phase 7 rule; requires anatomy review"
"skeleton","Calcaneus.l","Calcaneus.r.003","No canonical Phase 7 rule; requires anatomy review"
"skeleton","Abductor hallucis.ol","Abductor hallucis.o.006","No canonical Phase 7 rule; requires anatomy review"
"skeleton","Anterior process of calcaneus.i","Anterior process of calcaneus.j.006","No canonical Phase 7 rule; requires anatomy review"
"skeleton","Articular surface for cuboid.i","Articular surface for cuboid.j.006","No canonical Phase 7 rule; requires anatomy review"
"skeleton","Calcaneal sulcus.i","Calcaneal sulcus.j.006","No canonical Phase 7 rule; requires anatomy review"
"skeleton","Calcaneal tubercle.i","Calcaneal tubercle.j.006","No canonical Phase 7 rule; requires anatomy review"
"skeleton","Calcaneal tuberosity.i","Calcaneal tuberosity.j.006","No canonical Phase 7 rule; requires anatomy review"
"skeleton","Extensor hallucis brevis.ol","Extensor hallucis brevis.o.006","No canonical Phase 7 rule; requires anatomy review"
"skeleton","Flexor digitorum brevis.ol","Flexor digitorum brevis.o.006","No canonical Phase 7 rule; requires anatomy review"
"skeleton","Groove for tendon of flexor hallucis longus of calcaneus.i","Groove for tendon of flexor hallucis longus of calcaneus.j.006","No canonical Phase 7 rule; requires anatomy review"
"skeleton","Lateral process of calcaneal tuberosity.i","Lateral process of calcaneal tuberosity.j.006","No canonical Phase 7 rule; requires anatomy review"
"skeleton","Long plantar ligament.ol","Long plantar ligament.o.006","No canonical Phase 7 rule; requires anatomy review"
"skeleton","Medial process of calcaneal tuberosity.i","Medial process of calcaneal tuberosity.j.006","No canonical Phase 7 rule; requires anatomy review"
"skeleton","Sustentaculum tali.i","Sustentaculum tali.j.006","No canonical Phase 7 rule; requires anatomy review"
"skeleton","Tarsal sinus.i","Tarsal sinus.j.006","No canonical Phase 7 rule; requires anatomy review"
"skeleton","Triceps surae muscle.el","Triceps surae muscle.e.006","No canonical Phase 7 rule; requires anatomy review"
"skeleton","Calcaneus.r","Calcaneus.r.003","No canonical Phase 7 rule; requires anatomy review"
"skeleton","Abductor hallucis.or","Abductor hallucis.o.005","No canonical Phase 7 rule; requires anatomy review"
"skeleton","Anterior process of calcaneus.j","Anterior process of calcaneus.j.005","No canonical Phase 7 rule; requires anatomy review"
"skeleton","Articular surface for cuboid.j","Articular surface for cuboid.j.005","No canonical Phase 7 rule; requires anatomy review"
"skeleton","Calcaneal sulcus.j","Calcaneal sulcus.j.005","No canonical Phase 7 rule; requires anatomy review"
"skeleton","Calcaneal tubercle.j","Calcaneal tubercle.j.005","No canonical Phase 7 rule; requires anatomy review"
"skeleton","Calcaneal tuberosity.j","Calcaneal tuberosity.j.005","No canonical Phase 7 rule; requires anatomy review"
"skeleton","Extensor hallucis brevis.or","Extensor hallucis brevis.o.005","No canonical Phase 7 rule; requires anatomy review"
"skeleton","Flexor digitorum brevis.or","Flexor digitorum brevis.o.005","No canonical Phase 7 rule; requires anatomy review"
"skeleton","Groove for tendon of flexor hallucis longus of calcaneus.j","Groove for tendon of flexor hallucis longus of calcaneus.j.005","No canonical Phase 7 rule; requires anatomy review"
"skeleton","Lateral process of calcaneal tuberosity.j","Lateral process of calcaneal tuberosity.j.005","No canonical Phase 7 rule; requires anatomy review"
"skeleton","Long plantar ligament.or","Long plantar ligament.o.005","No canonical Phase 7 rule; requires anatomy review"
"skeleton","Medial process of calcaneal tuberosity.j","Medial process of calcaneal tuberosity.j.005","No canonical Phase 7 rule; requires anatomy review"
"skeleton","Sustentaculum tali.j","Sustentaculum tali.j.005","No canonical Phase 7 rule; requires anatomy review"
"skeleton","Tarsal sinus.j","Tarsal sinus.j.005","No canonical Phase 7 rule; requires anatomy review"
"skeleton","Triceps surae muscle.er","Triceps surae muscle.e.005","No canonical Phase 7 rule; requires anatomy review"
"skeleton","Cuboid bone.l","Cuboid bone.003","No canonical Phase 7 rule; requires anatomy review"
"skeleton","Groove for tendon of fibularis longus muscle of cuboid bone.i","Groove for tendon of fibularis longus muscle of cuboid bone.006","No canonical Phase 7 rule; requires anatomy review"
"skeleton","Oblique head of adductor hallucis.ol","Oblique head of adductor hallucis.o.006","No canonical Phase 7 rule; requires anatomy review"
"skeleton","Tuberosity of cuboid bone.i","Tuberosity of cuboid bone.j.006","No canonical Phase 7 rule; requires anatomy review"
"skeleton","Cuboid bone.r","Cuboid bone.003","No canonical Phase 7 rule; requires anatomy review"
"skeleton","Groove for tendon of fibularis longus muscle of cuboid bone.j","Groove for tendon of fibularis longus muscle of cuboid bone.005","No canonical Phase 7 rule; requires anatomy review"
"skeleton","Oblique head of adductor hallucis.or","Oblique head of adductor hallucis.o.005","No canonical Phase 7 rule; requires anatomy review"
"skeleton","Tuberosity of cuboid bone.j","Tuberosity of cuboid bone.j.005","No canonical Phase 7 rule; requires anatomy review"
"skeleton","Intermediate cuneiform bone.l","Intermediate cuneiform bone.r.003","No canonical Phase 7 rule; requires anatomy review"
"skeleton","Intermediate cuneiform bone.r","Intermediate cuneiform bone.r.003","No canonical Phase 7 rule; requires anatomy review"
"skeleton","Lateral cuneiform bone.l","Lateral cuneiform bone.r.003","No canonical Phase 7 rule; requires anatomy review"
"skeleton","Lateral cuneiform bone.r","Lateral cuneiform bone.r.003","No canonical Phase 7 rule; requires anatomy review"
"skeleton","Medial cuneiform bone.l","Medial cuneiform bone.r.003","No canonical Phase 7 rule; requires anatomy review"
"skeleton","Lateral head of flexor hallucis brevis.ol","Lateral head of flexor hallucis brevis.o.006","No canonical Phase 7 rule; requires anatomy review"
"skeleton","Tibialis anterior muscle.el","Tibialis anterior muscle.e.006","No canonical Phase 7 rule; requires anatomy review"
"skeleton","Medial cuneiform bone.r","Medial cuneiform bone.r.003","No canonical Phase 7 rule; requires anatomy review"
"skeleton","Lateral head of flexor hallucis brevis.or","Lateral head of flexor hallucis brevis.o.005","No canonical Phase 7 rule; requires anatomy review"
"skeleton","Tibialis anterior muscle.er","Tibialis anterior muscle.e.005","No canonical Phase 7 rule; requires anatomy review"
"skeleton","Navicular bone.l","Navicular bone.003","No canonical Phase 7 rule; requires anatomy review"
"skeleton","Tuberosity of navicular bone.i","Tuberosity of navicular bone.j.006","No canonical Phase 7 rule; requires anatomy review"
"skeleton","Navicular bone.r","Navicular bone.003","No canonical Phase 7 rule; requires anatomy review"
"skeleton","Tuberosity of navicular bone.j","Tuberosity of navicular bone.j.005","No canonical Phase 7 rule; requires anatomy review"
"skeleton","Talus.l","Talus.r.003","No canonical Phase 7 rule; requires anatomy review"
"skeleton","Body of talus.i","Body of talus.j.006","No canonical Phase 7 rule; requires anatomy review"
"skeleton","Facet for calcaneonavicular part of bifurcate ligament.i","Facet for calcaneonavicular part of bifurcate ligament.j.006","No canonical Phase 7 rule; requires anatomy review"
"skeleton","Facet for plantar calcaneonavicular ligament.i","Facet for plantar calcaneonavicular ligament.j.006","No canonical Phase 7 rule; requires anatomy review"
"skeleton","Groove for tendon of flexor hallucis longus of talus.i","Groove for tendon of flexor hallucis longus of talus.j.006","No canonical Phase 7 rule; requires anatomy review"
"skeleton","Head of talus.i","Head of talus.j.006","No canonical Phase 7 rule; requires anatomy review"
"skeleton","Lateral malleolar facet.i","Lateral malleolar facet.j.006","No canonical Phase 7 rule; requires anatomy review"
"skeleton","Lateral process of talus.i","Lateral process of talus.j.006","No canonical Phase 7 rule; requires anatomy review"
"skeleton","Lateral tubercle.i","Lateral tubercle.j.006","No canonical Phase 7 rule; requires anatomy review"
"skeleton","Medial malleolar facet.i","Medial malleolar facet.j.006","No canonical Phase 7 rule; requires anatomy review"
"skeleton","Medial tubercle.i","Medial tubercle.j.006","No canonical Phase 7 rule; requires anatomy review"
"skeleton","Middle facet for calcaneus.i","Middle facet for calcaneus.j.006","No canonical Phase 7 rule; requires anatomy review"
"skeleton","Navicular articular surface.i","Navicular articular surface.j.006","No canonical Phase 7 rule; requires anatomy review"
"skeleton","Neck of talus.i","Neck of talus.j.006","No canonical Phase 7 rule; requires anatomy review"
"skeleton","Posterior calcaneal articular facet.i","Posterior calcaneal articular facet.j.006","No canonical Phase 7 rule; requires anatomy review"
"skeleton","Posterior process of talus.i","Posterior process of talus.j.006","No canonical Phase 7 rule; requires anatomy review"
"skeleton","Superior facet of talus.i","Superior facet of talus.j.006","No canonical Phase 7 rule; requires anatomy review"
"skeleton","Talar sulcus.i","Talar sulcus.j.006","No canonical Phase 7 rule; requires anatomy review"
"skeleton","Trochlea of talus.i","Trochlea of talus.j.006","No canonical Phase 7 rule; requires anatomy review"
"skeleton","Talus.r","Talus.r.003","No canonical Phase 7 rule; requires anatomy review"
"skeleton","Body of talus.j","Body of talus.j.005","No canonical Phase 7 rule; requires anatomy review"
"skeleton","Facet for calcaneonavicular part of bifurcate ligament.j","Facet for calcaneonavicular part of bifurcate ligament.j.005","No canonical Phase 7 rule; requires anatomy review"
"skeleton","Facet for plantar calcaneonavicular ligament.j","Facet for plantar calcaneonavicular ligament.j.005","No canonical Phase 7 rule; requires anatomy review"
"skeleton","Groove for tendon of flexor hallucis longus of talus.j","Groove for tendon of flexor hallucis longus of talus.j.005","No canonical Phase 7 rule; requires anatomy review"
"skeleton","Head of talus.j","Head of talus.j.005","No canonical Phase 7 rule; requires anatomy review"
"skeleton","Lateral malleolar facet.j","Lateral malleolar facet.j.005","No canonical Phase 7 rule; requires anatomy review"
"skeleton","Lateral process of talus.j","Lateral process of talus.j.005","No canonical Phase 7 rule; requires anatomy review"
"skeleton","Lateral tubercle.j","Lateral tubercle.j.005","No canonical Phase 7 rule; requires anatomy review"
"skeleton","Medial malleolar facet.j","Medial malleolar facet.j.005","No canonical Phase 7 rule; requires anatomy review"
"skeleton","Medial tubercle.j","Medial tubercle.j.005","No canonical Phase 7 rule; requires anatomy review"
"skeleton","Middle facet for calcaneus.j","Middle facet for calcaneus.j.005","No canonical Phase 7 rule; requires anatomy review"
"skeleton","Navicular articular surface.j","Navicular articular surface.j.005","No canonical Phase 7 rule; requires anatomy review"
"skeleton","Neck of talus.j","Neck of talus.j.005","No canonical Phase 7 rule; requires anatomy review"
"skeleton","Posterior calcaneal articular facet.j","Posterior calcaneal articular facet.j.005","No canonical Phase 7 rule; requires anatomy review"
"skeleton","Posterior process of talus.j","Posterior process of talus.j.005","No canonical Phase 7 rule; requires anatomy review"
"skeleton","Superior facet of talus.j","Superior facet of talus.j.005","No canonical Phase 7 rule; requires anatomy review"
"skeleton","Talar sulcus.j","Talar sulcus.j.005","No canonical Phase 7 rule; requires anatomy review"
"skeleton","Trochlea of talus.j","Trochlea of talus.j.005","No canonical Phase 7 rule; requires anatomy review"
"skeleton","Tarsal bones.j","Tarsal bones.j.003","No canonical Phase 7 rule; requires anatomy review"
"skeleton","Bones of free part of lower limb.j","Bones of free part of lower limb.j.003","No canonical Phase 7 rule; requires anatomy review"
"skeleton","(Third trochanter).i","(Third trochanter).j.006","No canonical Phase 7 rule; requires anatomy review"
"skeleton","Adductor longus.el","Adductor longus.e.006","No canonical Phase 7 rule; requires anatomy review"
"skeleton","Adductor magnus.el","Adductor magnus.e.006","No canonical Phase 7 rule; requires anatomy review"
"skeleton","Adductor tubercle.i","Adductor tubercle.j.006","No canonical Phase 7 rule; requires anatomy review"
"skeleton","Articularis genus muscle.ol","Articularis genus muscle.o.006","No canonical Phase 7 rule; requires anatomy review"
"skeleton","Body of femur.i","Body of femur.j.006","No canonical Phase 7 rule; requires anatomy review"
"skeleton","Femur.i","Femur.j.006","No canonical Phase 7 rule; requires anatomy review"
"skeleton","Fovea for ligament of head of femur.i","Fovea for ligament of head of femur.j.006","No canonical Phase 7 rule; requires anatomy review"
"skeleton","Gluteal tuberosity.i","Gluteal tuberosity.j.006","No canonical Phase 7 rule; requires anatomy review"
"skeleton","Gluteus maximus muscle.el","Gluteus maximus muscle.e.006","No canonical Phase 7 rule; requires anatomy review"
"skeleton","Gluteus medius muscle.el","Gluteus medius muscle.e.006","No canonical Phase 7 rule; requires anatomy review"
"skeleton","Greater trochanter.i","Greater trochanter.j.006","No canonical Phase 7 rule; requires anatomy review"
"skeleton","Groove for popliteus muscle.i","Groove for popliteus muscle.j.006","No canonical Phase 7 rule; requires anatomy review"
"skeleton","Head of femur.i","Head of femur.j.006","No canonical Phase 7 rule; requires anatomy review"
"skeleton","Iliopsoas muscle.el","Iliopsoas muscle.e.006","No canonical Phase 7 rule; requires anatomy review"
"skeleton","Intercondylar fossa.i","Intercondylar fossa.j.006","No canonical Phase 7 rule; requires anatomy review"
"skeleton","Intercondylar line.i","Intercondylar line.j.006","No canonical Phase 7 rule; requires anatomy review"
"skeleton","Intertrochanteric crest.i","Intertrochanteric crest.j.006","No canonical Phase 7 rule; requires anatomy review"
"skeleton","Intertrochanteric line.i","Intertrochanteric line.j.006","No canonical Phase 7 rule; requires anatomy review"
"skeleton","Lateral condyle of femur.i","Lateral condyle of femur.j.006","No canonical Phase 7 rule; requires anatomy review"
"skeleton","Lateral epicondyle of femur.i","Lateral epicondyle of femur.j.006","No canonical Phase 7 rule; requires anatomy review"
"skeleton","Lateral head of gastrocnemius.ol","Lateral head of gastrocnemius.o.006","No canonical Phase 7 rule; requires anatomy review"
"skeleton","Lateral lip of linea apera.i","Lateral lip of linea apera.j.006","No canonical Phase 7 rule; requires anatomy review"
"skeleton","Lateral supracondylar line.i","Lateral supracondylar line.j.006","No canonical Phase 7 rule; requires anatomy review"
"skeleton","Lesser trochanter.i","Lesser trochanter.j.006","No canonical Phase 7 rule; requires anatomy review"
"skeleton","Linea aspera.i","Linea aspera.j.006","No canonical Phase 7 rule; requires anatomy review"
"skeleton","Medial condyle of femur.i","Medial condyle of femur.j.006","No canonical Phase 7 rule; requires anatomy review"
"skeleton","Medial epicondyle of femur.i","Medial epicondyle of femur.j.006","No canonical Phase 7 rule; requires anatomy review"
"skeleton","Medial head of gastrocnemius.ol","Medial head of gastrocnemius.o.006","No canonical Phase 7 rule; requires anatomy review"
"skeleton","Medial lip of linea apera.i","Medial lip of linea apera.j.006","No canonical Phase 7 rule; requires anatomy review"
"skeleton","Medial supracondylar line.i","Medial supracondylar line.j.006","No canonical Phase 7 rule; requires anatomy review"
"skeleton","Neck of femur.i","Neck of femur.j.006","No canonical Phase 7 rule; requires anatomy review"
"skeleton","Patellar surface of femur.i","Patellar surface of femur.j.006","No canonical Phase 7 rule; requires anatomy review"
"skeleton","Pectineal line of femur.i","Pectineal line of femur.j.006","No canonical Phase 7 rule; requires anatomy review"
"skeleton","Plantaris muscle.ol","Plantaris muscle.o.006","No canonical Phase 7 rule; requires anatomy review"
"skeleton","Popliteal surface of femur.i","Popliteal surface of femur.j.006","No canonical Phase 7 rule; requires anatomy review"
"skeleton","Quadrate tubercle.i","Quadrate tubercle.j.006","No canonical Phase 7 rule; requires anatomy review"
"skeleton","Quadratus femoris muscle.el","Quadratus femoris muscle.e.006","No canonical Phase 7 rule; requires anatomy review"
"skeleton","Trochanteric fossa.i","Trochanteric fossa.j.006","No canonical Phase 7 rule; requires anatomy review"
"skeleton","Trochanteric insertion.el","Trochanteric insertion.005","No canonical Phase 7 rule; requires anatomy review"
"skeleton","Vastus intermedius muscle.ol","Vastus intermedius muscle.o.006","No canonical Phase 7 rule; requires anatomy review"
"skeleton","Vastus lateralis muscle.ol","Vastus lateralis muscle.o.006","No canonical Phase 7 rule; requires anatomy review"
"skeleton","Vastus medialis muscle.ol","Vastus medialis muscle.o.006","No canonical Phase 7 rule; requires anatomy review"
"skeleton","(Third trochanter).j","(Third trochanter).j.005","No canonical Phase 7 rule; requires anatomy review"
"skeleton","Adductor longus.er","Adductor longus.e.005","No canonical Phase 7 rule; requires anatomy review"
"skeleton","Adductor magnus.er","Adductor magnus.e.005","No canonical Phase 7 rule; requires anatomy review"
"skeleton","Adductor tubercle.j","Adductor tubercle.j.005","No canonical Phase 7 rule; requires anatomy review"
"skeleton","Articularis genus muscle.or","Articularis genus muscle.o.005","No canonical Phase 7 rule; requires anatomy review"
"skeleton","Body of femur.j","Body of femur.j.005","No canonical Phase 7 rule; requires anatomy review"
"skeleton","Femur.j","Femur.j.005","No canonical Phase 7 rule; requires anatomy review"
"skeleton","Fovea for ligament of head of femur.j","Fovea for ligament of head of femur.j.005","No canonical Phase 7 rule; requires anatomy review"
"skeleton","Gluteal tuberosity.j","Gluteal tuberosity.j.005","No canonical Phase 7 rule; requires anatomy review"
"skeleton","Gluteus maximus muscle.er","Gluteus maximus muscle.e.005","No canonical Phase 7 rule; requires anatomy review"
"skeleton","Gluteus medius muscle.er","Gluteus medius muscle.e.005","No canonical Phase 7 rule; requires anatomy review"
"skeleton","Greater trochanter.j","Greater trochanter.j.005","No canonical Phase 7 rule; requires anatomy review"
"skeleton","Groove for popliteus muscle.j","Groove for popliteus muscle.j.005","No canonical Phase 7 rule; requires anatomy review"
"skeleton","Head of femur.j","Head of femur.j.005","No canonical Phase 7 rule; requires anatomy review"
"skeleton","Iliopsoas muscle.er","Iliopsoas muscle.e.005","No canonical Phase 7 rule; requires anatomy review"
"skeleton","Intercondylar fossa.j","Intercondylar fossa.j.005","No canonical Phase 7 rule; requires anatomy review"
"skeleton","Intercondylar line.j","Intercondylar line.j.005","No canonical Phase 7 rule; requires anatomy review"
"skeleton","Intertrochanteric crest.j","Intertrochanteric crest.j.005","No canonical Phase 7 rule; requires anatomy review"
"skeleton","Intertrochanteric line.j","Intertrochanteric line.j.005","No canonical Phase 7 rule; requires anatomy review"
"skeleton","Lateral condyle of femur.j","Lateral condyle of femur.j.005","No canonical Phase 7 rule; requires anatomy review"
"skeleton","Lateral epicondyle of femur.j","Lateral epicondyle of femur.j.005","No canonical Phase 7 rule; requires anatomy review"
"skeleton","Lateral head of gastrocnemius.or","Lateral head of gastrocnemius.o.005","No canonical Phase 7 rule; requires anatomy review"
"skeleton","Lateral lip of linea apera.j","Lateral lip of linea apera.j.005","No canonical Phase 7 rule; requires anatomy review"
"skeleton","Lateral supracondylar line.j","Lateral supracondylar line.j.005","No canonical Phase 7 rule; requires anatomy review"
"skeleton","Lesser trochanter.j","Lesser trochanter.j.005","No canonical Phase 7 rule; requires anatomy review"
"skeleton","Linea aspera.j","Linea aspera.j.005","No canonical Phase 7 rule; requires anatomy review"
"skeleton","Medial condyle of femur.j","Medial condyle of femur.j.005","No canonical Phase 7 rule; requires anatomy review"
"skeleton","Medial epicondyle of femur.j","Medial epicondyle of femur.j.005","No canonical Phase 7 rule; requires anatomy review"
"skeleton","Medial head of gastrocnemius.or","Medial head of gastrocnemius.o.005","No canonical Phase 7 rule; requires anatomy review"
"skeleton","Medial lip of linea apera.j","Medial lip of linea apera.j.005","No canonical Phase 7 rule; requires anatomy review"
"skeleton","Medial supracondylar line.j","Medial supracondylar line.j.005","No canonical Phase 7 rule; requires anatomy review"
"skeleton","Neck of femur.j","Neck of femur.j.005","No canonical Phase 7 rule; requires anatomy review"
"skeleton","Patellar surface of femur.j","Patellar surface of femur.j.005","No canonical Phase 7 rule; requires anatomy review"
"skeleton","Pectineal line of femur.j","Pectineal line of femur.j.005","No canonical Phase 7 rule; requires anatomy review"
"skeleton","Pectineus muscle.el","Pectineus muscle.e.003","No canonical Phase 7 rule; requires anatomy review"
"skeleton","Piriformis muscle.el","Piriformis muscle.e.003","No canonical Phase 7 rule; requires anatomy review"
"skeleton","Plantaris muscle.or","Plantaris muscle.o.005","No canonical Phase 7 rule; requires anatomy review"
"skeleton","Popliteal surface of femur.j","Popliteal surface of femur.j.005","No canonical Phase 7 rule; requires anatomy review"
"skeleton","Popliteus muscle.ol","Popliteus muscle.o.006","No canonical Phase 7 rule; requires anatomy review"
"skeleton","Popliteus muscle.or","Popliteus muscle.o.005","No canonical Phase 7 rule; requires anatomy review"
"skeleton","Quadrate tubercle.j","Quadrate tubercle.j.005","No canonical Phase 7 rule; requires anatomy review"
"skeleton","Quadratus femoris muscle.er","Quadratus femoris muscle.e.005","No canonical Phase 7 rule; requires anatomy review"
"skeleton","Short head of biceps femoris.el","Short head of biceps femoris.e.003","No canonical Phase 7 rule; requires anatomy review"
"skeleton","Trochanteric fossa.j","Trochanteric fossa.j.005","No canonical Phase 7 rule; requires anatomy review"
"skeleton","Trochanteric insertion.er","Trochanteric insertion.006","No canonical Phase 7 rule; requires anatomy review"
"skeleton","Vastus intermedius muscle.or","Vastus intermedius muscle.o.005","No canonical Phase 7 rule; requires anatomy review"
"skeleton","Vastus lateralis muscle.or","Vastus lateralis muscle.o.005","No canonical Phase 7 rule; requires anatomy review"
"skeleton","Vastus medialis muscle.or","Vastus medialis muscle.o.005","No canonical Phase 7 rule; requires anatomy review"
"skeleton","Anterior border of fibula.i","Anterior border of fibula.j.006","No canonical Phase 7 rule; requires anatomy review"
"skeleton","Anteromedial surface of fibula.i","Anteromedial surface of fibula.j.006","No canonical Phase 7 rule; requires anatomy review"
"skeleton","Apex of head of fibula.i","Apex of head of fibula.j.006","No canonical Phase 7 rule; requires anatomy review"
"skeleton","Articular facet of head of fibula.i","Articular facet of head of fibula.j.006","No canonical Phase 7 rule; requires anatomy review"
"skeleton","Articular facet of lateral malleolus.i","Articular facet of lateral malleolus.j.006","No canonical Phase 7 rule; requires anatomy review"
"skeleton","Biceps femoris muscle.el","Biceps femoris muscle.e.006","No canonical Phase 7 rule; requires anatomy review"
"skeleton","Body of fibula.i","Body of fibula.j.006","No canonical Phase 7 rule; requires anatomy review"
"skeleton","Extensor digitorum longus.o1l","Extensor digitorum longus.o1.006","No canonical Phase 7 rule; requires anatomy review"
"skeleton","Extensor hallucis longus.ol","Extensor hallucis longus.o.006","No canonical Phase 7 rule; requires anatomy review"
"skeleton","Fibula.i","Fibula.j.006","No canonical Phase 7 rule; requires anatomy review"
"skeleton","Fibularis brevis muscle.ol","Fibularis brevis muscle.o.006","No canonical Phase 7 rule; requires anatomy review"
"skeleton","Fibularis longus muscle.ol","Fibularis longus muscle.o.006","No canonical Phase 7 rule; requires anatomy review"
"skeleton","Fibularis tertius muscle.ol","Fibularis tertius muscle.o.006","No canonical Phase 7 rule; requires anatomy review"
"skeleton","Flexor hallucis longus.ol","Flexor hallucis longus.o.006","No canonical Phase 7 rule; requires anatomy review"
"skeleton","Head of fibula.i","Head of fibula.j.006","No canonical Phase 7 rule; requires anatomy review"
"skeleton","Interosseous crest of fibula.i","Interosseous crest of fibula.j.006","No canonical Phase 7 rule; requires anatomy review"
"skeleton","Lateral malleolus.i","Lateral malleolus.j.006","No canonical Phase 7 rule; requires anatomy review"
"skeleton","Lateral surface of fibula.i","Lateral surface of fibula.j.006","No canonical Phase 7 rule; requires anatomy review"
"skeleton","Malleolar fossa.i","Malleolar fossa.j.006","No canonical Phase 7 rule; requires anatomy review"
"skeleton","Malleolar groove of fibula.i","Malleolar groove of fibula.j.006","No canonical Phase 7 rule; requires anatomy review"
"skeleton","Medial border of fibula.i","Medial border of fibula.j.006","No canonical Phase 7 rule; requires anatomy review"
"skeleton","Medial surface of fibula.i","Medial surface of fibula.j.006","No canonical Phase 7 rule; requires anatomy review"
"skeleton","Neck of fibula.i","Neck of fibula.j.006","No canonical Phase 7 rule; requires anatomy review"
"skeleton","Posterior border of fibula.i","Posterior border of fibula.j.006","No canonical Phase 7 rule; requires anatomy review"
"skeleton","Posterior surface of fibula.i","Posterior surface of fibula.j.006","No canonical Phase 7 rule; requires anatomy review"
"skeleton","Posteromedial surface of fibula.i","Posteromedial surface of fibula.j.006","No canonical Phase 7 rule; requires anatomy review"
"skeleton","Soleus muscle.ol","Soleus muscle.o.006","No canonical Phase 7 rule; requires anatomy review"
"skeleton","Anterior border of fibula.j","Anterior border of fibula.j.005","No canonical Phase 7 rule; requires anatomy review"
"skeleton","Anteromedial surface of fibula.j","Anteromedial surface of fibula.j.005","No canonical Phase 7 rule; requires anatomy review"
"skeleton","Apex of head of fibula.j","Apex of head of fibula.j.005","No canonical Phase 7 rule; requires anatomy review"
"skeleton","Articular facet of head of fibula.j","Articular facet of head of fibula.j.005","No canonical Phase 7 rule; requires anatomy review"
"skeleton","Articular facet of lateral malleolus.j","Articular facet of lateral malleolus.j.005","No canonical Phase 7 rule; requires anatomy review"
"skeleton","Biceps femoris muscle.er","Biceps femoris muscle.e.005","No canonical Phase 7 rule; requires anatomy review"
"skeleton","Body of fibula.j","Body of fibula.j.005","No canonical Phase 7 rule; requires anatomy review"
"skeleton","Extensor digitorum longus.o1r","Extensor digitorum longus.o1.005","No canonical Phase 7 rule; requires anatomy review"
"skeleton","Extensor hallucis longus.or","Extensor hallucis longus.o.005","No canonical Phase 7 rule; requires anatomy review"
"skeleton","Fibula.j","Fibula.j.005","No canonical Phase 7 rule; requires anatomy review"
"skeleton","Fibularis brevis muscle.or","Fibularis brevis muscle.o.005","No canonical Phase 7 rule; requires anatomy review"
"skeleton","Fibularis longus muscle.or","Fibularis longus muscle.o.005","No canonical Phase 7 rule; requires anatomy review"
"skeleton","Fibularis tertius muscle.or","Fibularis tertius muscle.o.005","No canonical Phase 7 rule; requires anatomy review"
"skeleton","Flexor hallucis longus.or","Flexor hallucis longus.o.005","No canonical Phase 7 rule; requires anatomy review"
"skeleton","Head of fibula.j","Head of fibula.j.005","No canonical Phase 7 rule; requires anatomy review"
"skeleton","Interosseous crest of fibula.j","Interosseous crest of fibula.j.005","No canonical Phase 7 rule; requires anatomy review"
"skeleton","Lateral malleolus.j","Lateral malleolus.j.005","No canonical Phase 7 rule; requires anatomy review"
"skeleton","Lateral surface of fibula.j","Lateral surface of fibula.j.005","No canonical Phase 7 rule; requires anatomy review"
"skeleton","Malleolar fossa.j","Malleolar fossa.j.005","No canonical Phase 7 rule; requires anatomy review"
"skeleton","Malleolar groove of fibula.j","Malleolar groove of fibula.j.005","No canonical Phase 7 rule; requires anatomy review"
"skeleton","Medial border of fibula.j","Medial border of fibula.j.005","No canonical Phase 7 rule; requires anatomy review"
"skeleton","Medial surface of fibula.j","Medial surface of fibula.j.005","No canonical Phase 7 rule; requires anatomy review"
"skeleton","Neck of fibula.j","Neck of fibula.j.005","No canonical Phase 7 rule; requires anatomy review"
"skeleton","Posterior border of fibula.j","Posterior border of fibula.j.005","No canonical Phase 7 rule; requires anatomy review"
"skeleton","Posterior surface of fibula.j","Posterior surface of fibula.j.005","No canonical Phase 7 rule; requires anatomy review"
"skeleton","Posteromedial surface of fibula.j","Posteromedial surface of fibula.j.005","No canonical Phase 7 rule; requires anatomy review"
"skeleton","Soleus muscle.or","Soleus muscle.o.005","No canonical Phase 7 rule; requires anatomy review"
"skeleton","Patellar ligament.ol","Patellar ligament.o.006","No canonical Phase 7 rule; requires anatomy review"
"skeleton","Quadriceps femoris muscle.el","Quadriceps femoris muscle.e.006","No canonical Phase 7 rule; requires anatomy review"
"skeleton","Patellar ligament.or","Patellar ligament.o.005","No canonical Phase 7 rule; requires anatomy review"
"skeleton","Quadriceps femoris muscle.er","Quadriceps femoris muscle.e.005","No canonical Phase 7 rule; requires anatomy review"
"skeleton","Anterior border of tibia.i","Anterior border of tibia.j.006","No canonical Phase 7 rule; requires anatomy review"
"skeleton","Anterior intercondylar area.i","Anterior intercondylar area.j.006","No canonical Phase 7 rule; requires anatomy review"
"skeleton","Articular facet of medial malleolus.i","Articular facet of medial malleolus.j.006","No canonical Phase 7 rule; requires anatomy review"
"skeleton","Articular surface of medial condyle.i","Articular surface of medial condyle.j.006","No canonical Phase 7 rule; requires anatomy review"
"skeleton","Body of tibia.i","Body of tibia.j.006","No canonical Phase 7 rule; requires anatomy review"
"skeleton","Extensor digitorum longus.ol","Extensor digitorum longus.o.006","No canonical Phase 7 rule; requires anatomy review"
"skeleton","Fibular articular facet.i","Fibular articular facet.j.006","No canonical Phase 7 rule; requires anatomy review"
"skeleton","Fibular notch.i","Fibular notch.j.006","No canonical Phase 7 rule; requires anatomy review"
"skeleton","Flexor digitorum longus.ol","Flexor digitorum longus.o.006","No canonical Phase 7 rule; requires anatomy review"
"skeleton","Gracilis muscle.el","Gracilis muscle.e.006","No canonical Phase 7 rule; requires anatomy review"
"skeleton","Inferior articular surface of tibia.i","Inferior articular surface of tibia.j.006","No canonical Phase 7 rule; requires anatomy review"
"skeleton","Intercondylar area.i","Intercondylar area.j.006","No canonical Phase 7 rule; requires anatomy review"
"skeleton","Intercondylar eminence.i","Intercondylar eminence.j.006","No canonical Phase 7 rule; requires anatomy review"
"skeleton","Interosseous border of tibia.i","Interosseous border of tibia.j.006","No canonical Phase 7 rule; requires anatomy review"
"skeleton","Lateral condyle of tibia.i","Lateral condyle of tibia.j.006","No canonical Phase 7 rule; requires anatomy review"
"skeleton","Lateral intercondylar tubercle.i","Lateral intercondylar tubercle.j.006","No canonical Phase 7 rule; requires anatomy review"
"skeleton","Lateral surface of tibia.i","Lateral surface of tibia.j.006","No canonical Phase 7 rule; requires anatomy review"
"skeleton","Malleolar groove of tibia.i","Malleolar groove of tibia.j.006","No canonical Phase 7 rule; requires anatomy review"
"skeleton","Medial border of tibia.i","Medial border of tibia.j.006","No canonical Phase 7 rule; requires anatomy review"
"skeleton","Medial condyle of tibia.i","Medial condyle of tibia.j.006","No canonical Phase 7 rule; requires anatomy review"
"skeleton","Medial intercondylar tubercle.i","Medial intercondylar tubercle.j.006","No canonical Phase 7 rule; requires anatomy review"
"skeleton","Medial malleolus.i","Medial malleolus.j.006","No canonical Phase 7 rule; requires anatomy review"
"skeleton","Medial surface of tibia.i","Medial surface of tibia.j.006","No canonical Phase 7 rule; requires anatomy review"
"skeleton","Patellar ligament.el","Patellar ligament.e.006","No canonical Phase 7 rule; requires anatomy review"
"skeleton","Popliteus muscle.el","Popliteus muscle.e.006","No canonical Phase 7 rule; requires anatomy review"
"skeleton","Posterior intercondylar area.i","Posterior intercondylar area.j.006","No canonical Phase 7 rule; requires anatomy review"
"skeleton","Posterior malleolus.i","Posterior malleolus.j.006","No canonical Phase 7 rule; requires anatomy review"
"skeleton","Posterior surface of tibia.i","Posterior surface of tibia.j.006","No canonical Phase 7 rule; requires anatomy review"
"skeleton","Sartorius muscle.el","Sartorius muscle.e.006","No canonical Phase 7 rule; requires anatomy review"
"skeleton","Semimembranosus muscle.el","Semimembranosus muscle.e.006","No canonical Phase 7 rule; requires anatomy review"
"skeleton","Semitendinosus muscle.el","Semitendinosus muscle.e.006","No canonical Phase 7 rule; requires anatomy review"
"skeleton","Soleal line.i","Soleal line.j.006","No canonical Phase 7 rule; requires anatomy review"
"skeleton","Soleus muscle.o1l","Soleus muscle.o1.006","No canonical Phase 7 rule; requires anatomy review"
"skeleton","Superior articular surface of lateral condyle.i","Superior articular surface of lateral condyle.j.006","No canonical Phase 7 rule; requires anatomy review"
"skeleton","Superior articular surfaces of tibia.i","Superior articular surfaces of tibia.j.006","No canonical Phase 7 rule; requires anatomy review"
"skeleton","Tibia.i","Tibia.j.006","No canonical Phase 7 rule; requires anatomy review"
"skeleton","Tibial plateau.i","Tibial plateau.j.006","No canonical Phase 7 rule; requires anatomy review"
"skeleton","Tibial tuberosity.i","Tibial tuberosity.j.006","No canonical Phase 7 rule; requires anatomy review"
"skeleton","Tibialis anterior muscle.ol","Tibialis anterior muscle.o.006","No canonical Phase 7 rule; requires anatomy review"
"skeleton","Tibialis posterior muscle.ol","Tibialis posterior muscle.o.006","No canonical Phase 7 rule; requires anatomy review"
"skeleton","Tubercle of iliotibial tract.i","Tubercle of iliotibial tract.j.006","No canonical Phase 7 rule; requires anatomy review"
"skeleton","Anterior border of tibia.j","Anterior border of tibia.j.005","No canonical Phase 7 rule; requires anatomy review"
"skeleton","Anterior intercondylar area.j","Anterior intercondylar area.j.005","No canonical Phase 7 rule; requires anatomy review"
"skeleton","Articular facet of medial malleolus.j","Articular facet of medial malleolus.j.005","No canonical Phase 7 rule; requires anatomy review"
"skeleton","Articular surface of medial condyle.j","Articular surface of medial condyle.j.005","No canonical Phase 7 rule; requires anatomy review"
"skeleton","Body of tibia.j","Body of tibia.j.005","No canonical Phase 7 rule; requires anatomy review"
"skeleton","Extensor digitorum longus.or","Extensor digitorum longus.o.005","No canonical Phase 7 rule; requires anatomy review"
"skeleton","Fibular articular facet.j","Fibular articular facet.j.005","No canonical Phase 7 rule; requires anatomy review"
"skeleton","Fibular notch.j","Fibular notch.j.005","No canonical Phase 7 rule; requires anatomy review"
"skeleton","Flexor digitorum longus.or","Flexor digitorum longus.o.005","No canonical Phase 7 rule; requires anatomy review"
"skeleton","Gracilis muscle.er","Gracilis muscle.e.005","No canonical Phase 7 rule; requires anatomy review"
"skeleton","Inferior articular surface of tibia.j","Inferior articular surface of tibia.j.005","No canonical Phase 7 rule; requires anatomy review"
"skeleton","Intercondylar area.j","Intercondylar area.j.005","No canonical Phase 7 rule; requires anatomy review"
"skeleton","Intercondylar eminence.j","Intercondylar eminence.j.005","No canonical Phase 7 rule; requires anatomy review"
"skeleton","Interosseous border of tibia.j","Interosseous border of tibia.j.005","No canonical Phase 7 rule; requires anatomy review"
"skeleton","Lateral condyle of tibia.j","Lateral condyle of tibia.j.005","No canonical Phase 7 rule; requires anatomy review"
"skeleton","Lateral intercondylar tubercle.j","Lateral intercondylar tubercle.j.005","No canonical Phase 7 rule; requires anatomy review"
"skeleton","Lateral surface of tibia.j","Lateral surface of tibia.j.005","No canonical Phase 7 rule; requires anatomy review"
"skeleton","Malleolar groove of tibia.j","Malleolar groove of tibia.j.005","No canonical Phase 7 rule; requires anatomy review"
"skeleton","Medial border of tibia.j","Medial border of tibia.j.005","No canonical Phase 7 rule; requires anatomy review"
"skeleton","Medial condyle of tibia.j","Medial condyle of tibia.j.005","No canonical Phase 7 rule; requires anatomy review"
"skeleton","Medial intercondylar tubercle.j","Medial intercondylar tubercle.j.005","No canonical Phase 7 rule; requires anatomy review"
"skeleton","Medial malleolus.j","Medial malleolus.j.005","No canonical Phase 7 rule; requires anatomy review"
"skeleton","Medial surface of tibia.j","Medial surface of tibia.j.005","No canonical Phase 7 rule; requires anatomy review"
"skeleton","Patellar ligament.er","Patellar ligament.e.005","No canonical Phase 7 rule; requires anatomy review"
"skeleton","Popliteus muscle.er","Popliteus muscle.e.005","No canonical Phase 7 rule; requires anatomy review"
"skeleton","Posterior intercondylar area.j","Posterior intercondylar area.j.005","No canonical Phase 7 rule; requires anatomy review"
"skeleton","Posterior malleolus.j","Posterior malleolus.j.005","No canonical Phase 7 rule; requires anatomy review"
"skeleton","Posterior surface of tibia.j","Posterior surface of tibia.j.005","No canonical Phase 7 rule; requires anatomy review"
"skeleton","Sartorius muscle.er","Sartorius muscle.e.005","No canonical Phase 7 rule; requires anatomy review"
"skeleton","Semimembranosus muscle.er","Semimembranosus muscle.e.005","No canonical Phase 7 rule; requires anatomy review"
"skeleton","Semitendinosus muscle.er","Semitendinosus muscle.e.005","No canonical Phase 7 rule; requires anatomy review"
"skeleton","Soleal line.j","Soleal line.j.005","No canonical Phase 7 rule; requires anatomy review"
"skeleton","Soleus muscle.o1r","Soleus muscle.o1.005","No canonical Phase 7 rule; requires anatomy review"
"skeleton","Superior articular surface of lateral condyle.j","Superior articular surface of lateral condyle.j.005","No canonical Phase 7 rule; requires anatomy review"
"skeleton","Superior articular surfaces of tibia.j","Superior articular surfaces of tibia.j.005","No canonical Phase 7 rule; requires anatomy review"
"skeleton","Tibia.j","Tibia.j.005","No canonical Phase 7 rule; requires anatomy review"
"skeleton","Tibial plateau.j","Tibial plateau.j.005","No canonical Phase 7 rule; requires anatomy review"
"skeleton","Tibial tuberosity.j","Tibial tuberosity.j.005","No canonical Phase 7 rule; requires anatomy review"
"skeleton","Tibialis anterior muscle.or","Tibialis anterior muscle.o.005","No canonical Phase 7 rule; requires anatomy review"
"skeleton","Tibialis posterior muscle.or","Tibialis posterior muscle.o.005","No canonical Phase 7 rule; requires anatomy review"
"skeleton","Tubercle of iliotibial tract.j","Tubercle of iliotibial tract.j.005","No canonical Phase 7 rule; requires anatomy review"
"skeleton","Bones of lower limb.j","Bones of lower limb.j.003","No canonical Phase 7 rule; requires anatomy review"
"skeleton","Bones of pelvic girdle.j","Bones of pelvic girdle.j.003","No canonical Phase 7 rule; requires anatomy review"
"skeleton","Hip bone.l","Hip bone.003","No canonical Phase 7 rule; requires anatomy review"
"skeleton","(Posterior obturator tubercle).i","(Posterior obturator tubercle).j.006","No canonical Phase 7 rule; requires anatomy review"
"skeleton","Acetabular fossa.i","Acetabular fossa.j.006","No canonical Phase 7 rule; requires anatomy review"
"skeleton","Acetabular margin.i","Acetabular margin.j.006","No canonical Phase 7 rule; requires anatomy review"
"skeleton","Acetabular notch.i","Acetabular notch.j.006","No canonical Phase 7 rule; requires anatomy review"
"skeleton","Acetabulum.i","Acetabulum.j.006","No canonical Phase 7 rule; requires anatomy review"
"skeleton","Adductor longus.ol","Adductor longus.o.006","No canonical Phase 7 rule; requires anatomy review"
"skeleton","Adductor magnus.ol","Adductor magnus.o.006","No canonical Phase 7 rule; requires anatomy review"
"skeleton","Ala of ilium.i","Ala of ilium.j.006","No canonical Phase 7 rule; requires anatomy review"
"skeleton","Anterior gluteal line.i","Anterior gluteal line.j.006","No canonical Phase 7 rule; requires anatomy review"
"skeleton","Anterior inferior iliac spine.i","Anterior inferior iliac spine.j.006","No canonical Phase 7 rule; requires anatomy review"
"skeleton","Anterior obturator tubercle.i","Anterior obturator tubercle.j.006","No canonical Phase 7 rule; requires anatomy review"
"skeleton","Anterior superior iliac spine.i","Anterior superior iliac spine.j.006","No canonical Phase 7 rule; requires anatomy review"
"skeleton","Arcuate line of ilium.i","Arcuate line of ilium.j.006","No canonical Phase 7 rule; requires anatomy review"
"skeleton","Auricular surface of ilium.i","Auricular surface of ilium.j.006","No canonical Phase 7 rule; requires anatomy review"
"skeleton","Body of ilium.i","Body of ilium.j.006","No canonical Phase 7 rule; requires anatomy review"
"skeleton","Body of ischium.i","Body of ischium.j.006","No canonical Phase 7 rule; requires anatomy review"
"skeleton","Body of pubis.i","Body of pubis.j.006","No canonical Phase 7 rule; requires anatomy review"
"skeleton","Erector spinae.ol","Erector spinae.o.006","No canonical Phase 7 rule; requires anatomy review"
"skeleton","External abdominal oblique muscle.o4l","External abdominal oblique muscle.o4.006","No canonical Phase 7 rule; requires anatomy review"
"skeleton","External abdominal oblique muscle.o5l","External abdominal oblique muscle.o5.006","No canonical Phase 7 rule; requires anatomy review"
"skeleton","Gluteal surface of ilium.i","Gluteal surface of ilium.j.006","No canonical Phase 7 rule; requires anatomy review"
"skeleton","Gluteus maximus muscle.ol","Gluteus maximus muscle.o.006","No canonical Phase 7 rule; requires anatomy review"
"skeleton","Gluteus medius muscle.ol","Gluteus medius muscle.o.006","No canonical Phase 7 rule; requires anatomy review"
"skeleton","Gluteus minimus muscle.ol","Gluteus minimus muscle.o.006","No canonical Phase 7 rule; requires anatomy review"
"skeleton","Gracilis muscle.ol","Gracilis muscle.o.006","No canonical Phase 7 rule; requires anatomy review"
"skeleton","Greater sciatic foramen.i","Greater sciatic foramen.j.006","No canonical Phase 7 rule; requires anatomy review"
"skeleton","Greater sciatic notch.i","Greater sciatic notch.j.006","No canonical Phase 7 rule; requires anatomy review"
"skeleton","Hip bone.i","Hip bone.j.006","No canonical Phase 7 rule; requires anatomy review"
"skeleton","Iliac crest.i","Iliac crest.j.006","No canonical Phase 7 rule; requires anatomy review"
"skeleton","Iliac fossa.i","Iliac fossa.j.006","No canonical Phase 7 rule; requires anatomy review"
"skeleton","Iliac tubercle.i","Iliac tubercle.j.006","No canonical Phase 7 rule; requires anatomy review"
"skeleton","Iliac tuberosity.i","Iliac tuberosity.j.006","No canonical Phase 7 rule; requires anatomy review"
"skeleton","Iliacus muscle.ol","Iliacus muscle.o.006","No canonical Phase 7 rule; requires anatomy review"
"skeleton","Iliopubic eminence.i","Iliopubic eminence.j.006","No canonical Phase 7 rule; requires anatomy review"
"skeleton","Ilium.i","Ilium.j.006","No canonical Phase 7 rule; requires anatomy review"
"skeleton","Inferior gemellus muscle.ol","Inferior gemellus muscle.o.006","No canonical Phase 7 rule; requires anatomy review"
"skeleton","Inferior gluteal line.i","Inferior gluteal line.j.006","No canonical Phase 7 rule; requires anatomy review"
"skeleton","Inferior pubic ramus.i","Inferior pubic ramus.j.006","No canonical Phase 7 rule; requires anatomy review"
"skeleton","Inner lip of iliac crest.i","Inner lip of iliac crest.j.006","No canonical Phase 7 rule; requires anatomy review"
"skeleton","Intermediate zone.i","Intermediate zone.j.006","No canonical Phase 7 rule; requires anatomy review"
"skeleton","Internal abdominal oblique muscle.o3l","Internal abdominal oblique muscle.o3.006","No canonical Phase 7 rule; requires anatomy review"
"skeleton","Ischial spine.i","Ischial spine.j.006","No canonical Phase 7 rule; requires anatomy review"
"skeleton","Ischial tuberosity.i","Ischial tuberosity.j.006","No canonical Phase 7 rule; requires anatomy review"
"skeleton","Ischiopubic ramus.i","Ischiopubic ramus.j.006","No canonical Phase 7 rule; requires anatomy review"
"skeleton","Ischium.i","Ischium.j.006","No canonical Phase 7 rule; requires anatomy review"
"skeleton","Latissimus dorsi muscle.ol","Latissimus dorsi muscle.o.006","No canonical Phase 7 rule; requires anatomy review"
"skeleton","Lesser sciatic foramen.i","Lesser sciatic foramen.j.006","No canonical Phase 7 rule; requires anatomy review"
"skeleton","Lesser sciatic notch.i","Lesser sciatic notch.j.006","No canonical Phase 7 rule; requires anatomy review"
"skeleton","Levator ani.ol","Levator ani.o.006","No canonical Phase 7 rule; requires anatomy review"
"skeleton","Long head of biceps femoris.ol","Long head of biceps femoris.o.006","No canonical Phase 7 rule; requires anatomy review"
"skeleton","Lunate surface.i","Lunate surface.j.006","No canonical Phase 7 rule; requires anatomy review"
"skeleton","Obturator crest.i","Obturator crest.j.006","No canonical Phase 7 rule; requires anatomy review"
"skeleton","Obturator externus.ol","Obturator externus.o.006","No canonical Phase 7 rule; requires anatomy review"
"skeleton","Obturator foramen.i","Obturator foramen.j.006","No canonical Phase 7 rule; requires anatomy review"
"skeleton","Obturator groove.i","Obturator groove.j.006","No canonical Phase 7 rule; requires anatomy review"
"skeleton","Obturator internus.ol","Obturator internus.o.006","No canonical Phase 7 rule; requires anatomy review"
"skeleton","Outer lip of iliac crest.i","Outer lip of iliac crest.j.006","No canonical Phase 7 rule; requires anatomy review"
"skeleton","Pecten pubis.i","Pecten pubis.j.006","No canonical Phase 7 rule; requires anatomy review"
"skeleton","Pectineus muscle.ol","Pectineus muscle.o.006","No canonical Phase 7 rule; requires anatomy review"
"skeleton","Posterior gluteal line.i","Posterior gluteal line.j.006","No canonical Phase 7 rule; requires anatomy review"
"skeleton","Posterior inferior iliac spine.i","Posterior inferior iliac spine.j.006","No canonical Phase 7 rule; requires anatomy review"
"skeleton","Posterior superior iliac spine.i","Posterior superior iliac spine.j.006","No canonical Phase 7 rule; requires anatomy review"
"skeleton","Pubic crest.i","Pubic crest.j.006","No canonical Phase 7 rule; requires anatomy review"
"skeleton","Pubic tubercle.i","Pubic tubercle.j.006","No canonical Phase 7 rule; requires anatomy review"
"skeleton","Pubis.i","Pubis.j.006","No canonical Phase 7 rule; requires anatomy review"
"skeleton","Quadratus femoris muscle.ol","Quadratus femoris muscle.o.006","No canonical Phase 7 rule; requires anatomy review"
"skeleton","Ramus of ischium.i","Ramus of ischium.j.006","No canonical Phase 7 rule; requires anatomy review"
"skeleton","Rectus femoris muscle.ol","Rectus femoris muscle.o.006","No canonical Phase 7 rule; requires anatomy review"
"skeleton","Sacropelvic surface of ilium.i","Sacropelvic surface of ilium.j.006","No canonical Phase 7 rule; requires anatomy review"
"skeleton","Sartorius muscle.ol","Sartorius muscle.o.006","No canonical Phase 7 rule; requires anatomy review"
"skeleton","Semimembranosus muscle.ol","Semimembranosus muscle.o.006","No canonical Phase 7 rule; requires anatomy review"
"skeleton","Semitendinosus muscle.ol","Semitendinosus muscle.o.006","No canonical Phase 7 rule; requires anatomy review"
"skeleton","Superior gemellus muscle.ol","Superior gemellus muscle.o.006","No canonical Phase 7 rule; requires anatomy review"
"skeleton","Superior pubic ramus.i","Superior pubic ramus.j.006","No canonical Phase 7 rule; requires anatomy review"
"skeleton","Supra-acetabular groove.i","Supra-acetabular groove.j.006","No canonical Phase 7 rule; requires anatomy review"
"skeleton","Symphysial surface of pubis.i","Symphysial surface of pubis.j.006","No canonical Phase 7 rule; requires anatomy review"
"skeleton","Tensor fasciae latae.ol","Tensor fasciae latae.o.006","No canonical Phase 7 rule; requires anatomy review"
"skeleton","Transversus abdominis muscle.ol","Transversus abdominis muscle.o.006","No canonical Phase 7 rule; requires anatomy review"
"skeleton","Hip bone.r","Hip bone.003","No canonical Phase 7 rule; requires anatomy review"
"skeleton","(Posterior obturator tubercle).j","(Posterior obturator tubercle).j.005","No canonical Phase 7 rule; requires anatomy review"
"skeleton","Acetabular fossa.j","Acetabular fossa.j.005","No canonical Phase 7 rule; requires anatomy review"
"skeleton","Acetabular margin.j","Acetabular margin.j.005","No canonical Phase 7 rule; requires anatomy review"
"skeleton","Acetabular notch.j","Acetabular notch.j.005","No canonical Phase 7 rule; requires anatomy review"
"skeleton","Acetabulum.j","Acetabulum.j.005","No canonical Phase 7 rule; requires anatomy review"
"skeleton","Adductor longus.or","Adductor longus.o.005","No canonical Phase 7 rule; requires anatomy review"
"skeleton","Adductor magnus.or","Adductor magnus.o.005","No canonical Phase 7 rule; requires anatomy review"
"skeleton","Ala of ilium.j","Ala of ilium.j.005","No canonical Phase 7 rule; requires anatomy review"
"skeleton","Anterior gluteal line.j","Anterior gluteal line.j.005","No canonical Phase 7 rule; requires anatomy review"
"skeleton","Anterior inferior iliac spine.j","Anterior inferior iliac spine.j.005","No canonical Phase 7 rule; requires anatomy review"
"skeleton","Anterior obturator tubercle.j","Anterior obturator tubercle.j.005","No canonical Phase 7 rule; requires anatomy review"
"skeleton","Anterior superior iliac spine.j","Anterior superior iliac spine.j.005","No canonical Phase 7 rule; requires anatomy review"
"skeleton","Arcuate line of ilium.j","Arcuate line of ilium.j.005","No canonical Phase 7 rule; requires anatomy review"
"skeleton","Auricular surface of ilium.j","Auricular surface of ilium.j.005","No canonical Phase 7 rule; requires anatomy review"
"skeleton","Body of ilium.j","Body of ilium.j.005","No canonical Phase 7 rule; requires anatomy review"
"skeleton","Body of ischium.j","Body of ischium.j.005","No canonical Phase 7 rule; requires anatomy review"
"skeleton","Body of pubis.j","Body of pubis.j.005","No canonical Phase 7 rule; requires anatomy review"
"skeleton","Erector spinae.or","Erector spinae.o.005","No canonical Phase 7 rule; requires anatomy review"
"skeleton","External abdominal oblique muscle.o4r","External abdominal oblique muscle.o4.005","No canonical Phase 7 rule; requires anatomy review"
"skeleton","External abdominal oblique muscle.o5r","External abdominal oblique muscle.o5.005","No canonical Phase 7 rule; requires anatomy review"
"skeleton","Gluteal surface of ilium.j","Gluteal surface of ilium.j.005","No canonical Phase 7 rule; requires anatomy review"
"skeleton","Gluteus maximus muscle.or","Gluteus maximus muscle.o.005","No canonical Phase 7 rule; requires anatomy review"
"skeleton","Gluteus medius muscle.or","Gluteus medius muscle.o.005","No canonical Phase 7 rule; requires anatomy review"
"skeleton","Gluteus minimus muscle.or","Gluteus minimus muscle.o.005","No canonical Phase 7 rule; requires anatomy review"
"skeleton","Gracilis muscle.or","Gracilis muscle.o.005","No canonical Phase 7 rule; requires anatomy review"
"skeleton","Greater sciatic foramen.j","Greater sciatic foramen.j.005","No canonical Phase 7 rule; requires anatomy review"
"skeleton","Greater sciatic notch.j","Greater sciatic notch.j.005","No canonical Phase 7 rule; requires anatomy review"
"skeleton","Hip bone.j","Hip bone.j.005","No canonical Phase 7 rule; requires anatomy review"
"skeleton","Iliac crest.j","Iliac crest.j.005","No canonical Phase 7 rule; requires anatomy review"
"skeleton","Iliac fossa.j","Iliac fossa.j.005","No canonical Phase 7 rule; requires anatomy review"
"skeleton","Iliac tubercle.j","Iliac tubercle.j.005","No canonical Phase 7 rule; requires anatomy review"
"skeleton","Iliac tuberosity.j","Iliac tuberosity.j.005","No canonical Phase 7 rule; requires anatomy review"
"skeleton","Iliacus muscle.or","Iliacus muscle.o.005","No canonical Phase 7 rule; requires anatomy review"
"skeleton","Iliopubic eminence.j","Iliopubic eminence.j.005","No canonical Phase 7 rule; requires anatomy review"
"skeleton","Ilium.j","Ilium.j.005","No canonical Phase 7 rule; requires anatomy review"
"skeleton","Inferior gemellus muscle.or","Inferior gemellus muscle.o.005","No canonical Phase 7 rule; requires anatomy review"
"skeleton","Inferior gluteal line.j","Inferior gluteal line.j.005","No canonical Phase 7 rule; requires anatomy review"
"skeleton","Inferior pubic ramus.j","Inferior pubic ramus.j.005","No canonical Phase 7 rule; requires anatomy review"
"skeleton","Inner lip of iliac crest.j","Inner lip of iliac crest.j.005","No canonical Phase 7 rule; requires anatomy review"
"skeleton","Intermediate zone.j","Intermediate zone.j.005","No canonical Phase 7 rule; requires anatomy review"
"skeleton","Internal abdominal oblique muscle.o3r","Internal abdominal oblique muscle.o3.005","No canonical Phase 7 rule; requires anatomy review"
"skeleton","Ischial spine.j","Ischial spine.j.005","No canonical Phase 7 rule; requires anatomy review"
"skeleton","Ischial tuberosity.j","Ischial tuberosity.j.005","No canonical Phase 7 rule; requires anatomy review"
"skeleton","Ischiopubic ramus.j","Ischiopubic ramus.j.005","No canonical Phase 7 rule; requires anatomy review"
"skeleton","Ischium.j","Ischium.j.005","No canonical Phase 7 rule; requires anatomy review"
"skeleton","Latissimus dorsi muscle.or","Latissimus dorsi muscle.o.005","No canonical Phase 7 rule; requires anatomy review"
"skeleton","Lesser sciatic foramen.j","Lesser sciatic foramen.j.005","No canonical Phase 7 rule; requires anatomy review"
"skeleton","Lesser sciatic notch.j","Lesser sciatic notch.j.005","No canonical Phase 7 rule; requires anatomy review"
"skeleton","Levator ani.or","Levator ani.o.005","No canonical Phase 7 rule; requires anatomy review"
"skeleton","Long head of biceps femoris.or","Long head of biceps femoris.o.005","No canonical Phase 7 rule; requires anatomy review"
"skeleton","Lunate surface.j","Lunate surface.j.005","No canonical Phase 7 rule; requires anatomy review"
"skeleton","Obturator crest.j","Obturator crest.j.005","No canonical Phase 7 rule; requires anatomy review"
"skeleton","Obturator externus.or","Obturator externus.o.005","No canonical Phase 7 rule; requires anatomy review"
"skeleton","Obturator foramen.j","Obturator foramen.j.005","No canonical Phase 7 rule; requires anatomy review"
"skeleton","Obturator groove.j","Obturator groove.j.005","No canonical Phase 7 rule; requires anatomy review"
"skeleton","Obturator internus.or","Obturator internus.o.005","No canonical Phase 7 rule; requires anatomy review"
"skeleton","Outer lip of iliac crest.j","Outer lip of iliac crest.j.005","No canonical Phase 7 rule; requires anatomy review"
"skeleton","Pecten pubis.j","Pecten pubis.j.005","No canonical Phase 7 rule; requires anatomy review"
"skeleton","Pectineus muscle.or","Pectineus muscle.o.005","No canonical Phase 7 rule; requires anatomy review"
"skeleton","Posterior gluteal line.j","Posterior gluteal line.j.005","No canonical Phase 7 rule; requires anatomy review"
"skeleton","Posterior inferior iliac spine.j","Posterior inferior iliac spine.j.005","No canonical Phase 7 rule; requires anatomy review"
"skeleton","Posterior superior iliac spine.j","Posterior superior iliac spine.j.005","No canonical Phase 7 rule; requires anatomy review"
"skeleton","Pubic crest.j","Pubic crest.j.005","No canonical Phase 7 rule; requires anatomy review"
"skeleton","Pubic tubercle.j","Pubic tubercle.j.005","No canonical Phase 7 rule; requires anatomy review"
"skeleton","Pubis.j","Pubis.j.005","No canonical Phase 7 rule; requires anatomy review"
"skeleton","Quadratus femoris muscle.or","Quadratus femoris muscle.o.005","No canonical Phase 7 rule; requires anatomy review"
"skeleton","Ramus of ischium.j","Ramus of ischium.j.005","No canonical Phase 7 rule; requires anatomy review"
"skeleton","Rectus femoris muscle.or","Rectus femoris muscle.o.005","No canonical Phase 7 rule; requires anatomy review"
"skeleton","Sacropelvic surface of ilium.j","Sacropelvic surface of ilium.j.005","No canonical Phase 7 rule; requires anatomy review"
"skeleton","Sartorius muscle.or","Sartorius muscle.o.005","No canonical Phase 7 rule; requires anatomy review"
"skeleton","Semimembranosus muscle.or","Semimembranosus muscle.o.005","No canonical Phase 7 rule; requires anatomy review"
"skeleton","Semitendinosus muscle.or","Semitendinosus muscle.o.005","No canonical Phase 7 rule; requires anatomy review"
"skeleton","Superior gemellus muscle.or","Superior gemellus muscle.o.005","No canonical Phase 7 rule; requires anatomy review"
"skeleton","Superior pubic ramus.j","Superior pubic ramus.j.005","No canonical Phase 7 rule; requires anatomy review"
"skeleton","Supra-acetabular groove.j","Supra-acetabular groove.j.005","No canonical Phase 7 rule; requires anatomy review"
"skeleton","Symphysial surface of pubis.j","Symphysial surface of pubis.j.005","No canonical Phase 7 rule; requires anatomy review"
"skeleton","Tensor fasciae latae.or","Tensor fasciae latae.o.005","No canonical Phase 7 rule; requires anatomy review"
"skeleton","Transversus abdominis muscle.or","Transversus abdominis muscle.o.005","No canonical Phase 7 rule; requires anatomy review"
"skeleton","Bones of free part of upper limb.j","Bones of free part of upper limb.j.003","No canonical Phase 7 rule; requires anatomy review"
"skeleton","Bones of hand.j","Bones of hand.j.003","No canonical Phase 7 rule; requires anatomy review"
"skeleton","Capitate bone.l","Capitate bone.003","No canonical Phase 7 rule; requires anatomy review"
"skeleton","Adductor pollicis.el","Adductor pollicis.e.006","No canonical Phase 7 rule; requires anatomy review"
"skeleton","Capitate bone.r","Capitate bone.003","No canonical Phase 7 rule; requires anatomy review"
"skeleton","Adductor pollicis.er","Adductor pollicis.e.005","No canonical Phase 7 rule; requires anatomy review"
"skeleton","Carpal bones.j","Carpal bones.j.003","No canonical Phase 7 rule; requires anatomy review"
"skeleton","Distal phalanx of fifth finger of hand.l","Distal phalanx of fifth finger of hand.r.003","No canonical Phase 7 rule; requires anatomy review"
"skeleton","Flexor digitorum profundus.el","Flexor digitorum profundus.e.006","No canonical Phase 7 rule; requires anatomy review"
"skeleton","Distal phalanx of fifth finger of hand.r","Distal phalanx of fifth finger of hand.r.003","No canonical Phase 7 rule; requires anatomy review"
"skeleton","Flexor digitorum profundus.er","Flexor digitorum profundus.e.005","No canonical Phase 7 rule; requires anatomy review"
"skeleton","Distal phalanx of first finger of hand.l","Distal phalanx of first finger of hand.003","No canonical Phase 7 rule; requires anatomy review"
"skeleton","Extensor pollicis longus.el","Extensor pollicis longus.e.006","No canonical Phase 7 rule; requires anatomy review"
"skeleton","Flexor pollicis longus.el","Flexor pollicis longus.e.006","No canonical Phase 7 rule; requires anatomy review"
"skeleton","Distal phalanx of first finger of hand.r","Distal phalanx of first finger of hand.003","No canonical Phase 7 rule; requires anatomy review"
"skeleton","Extensor pollicis longus.er","Extensor pollicis longus.e.005","No canonical Phase 7 rule; requires anatomy review"
"skeleton","Flexor pollicis longus.er","Flexor pollicis longus.e.005","No canonical Phase 7 rule; requires anatomy review"
"skeleton","Distal phalanx of fourth finger of hand.l","Distal phalanx of fourth finger of hand.003","No canonical Phase 7 rule; requires anatomy review"
"skeleton","Flexor digitorum profundus.e1l","Flexor digitorum profundus.e1.006","No canonical Phase 7 rule; requires anatomy review"
"skeleton","Distal phalanx of fourth finger of hand.r","Distal phalanx of fourth finger of hand.003","No canonical Phase 7 rule; requires anatomy review"
"skeleton","Flexor digitorum profundus.e1r","Flexor digitorum profundus.e1.005","No canonical Phase 7 rule; requires anatomy review"
"skeleton","Distal phalanx of second finger of hand.l","Distal phalanx of second finger of hand.003","No canonical Phase 7 rule; requires anatomy review"
"skeleton","Extensor indicis.el","Extensor indicis.e.006","No canonical Phase 7 rule; requires anatomy review"
"skeleton","Flexor digitorum profundus.e3l","Flexor digitorum profundus.e3.006","No canonical Phase 7 rule; requires anatomy review"
"skeleton","Distal phalanx of second finger of hand.r","Distal phalanx of second finger of hand.003","No canonical Phase 7 rule; requires anatomy review"
"skeleton","Extensor indicis.er","Extensor indicis.e.005","No canonical Phase 7 rule; requires anatomy review"
"skeleton","Flexor digitorum profundus.e3r","Flexor digitorum profundus.e3.005","No canonical Phase 7 rule; requires anatomy review"
"skeleton","Distal phalanx of third finger of hand.l","Distal phalanx of third finger of hand.003","No canonical Phase 7 rule; requires anatomy review"
"skeleton","Flexor digitorum profundus.e2l","Flexor digitorum profundus.e2.006","No canonical Phase 7 rule; requires anatomy review"
"skeleton","Tuberosity of distal phalanx of hand.i","Tuberosity of distal phalanx of hand.j.006","No canonical Phase 7 rule; requires anatomy review"
"skeleton","Distal phalanx of third finger of hand.r","Distal phalanx of third finger of hand.003","No canonical Phase 7 rule; requires anatomy review"
"skeleton","Flexor digitorum profundus.e2r","Flexor digitorum profundus.e2.005","No canonical Phase 7 rule; requires anatomy review"
"skeleton","Tuberosity of distal phalanx of hand.j","Tuberosity of distal phalanx of hand.j.005","No canonical Phase 7 rule; requires anatomy review"
"skeleton","Fifth metacarpal bone.l","Fifth metacarpal bone.003","No canonical Phase 7 rule; requires anatomy review"
"skeleton","Dorsal interossei muscles of hand.ol","Dorsal interossei muscles of hand.o.006","No canonical Phase 7 rule; requires anatomy review"
"skeleton","Fifth metacarpal bone.r","Fifth metacarpal bone.003","No canonical Phase 7 rule; requires anatomy review"
"skeleton","Dorsal interossei muscles of hand.or","Dorsal interossei muscles of hand.o.005","No canonical Phase 7 rule; requires anatomy review"
"skeleton","First metacarpal bone.l","First metacarpal bone.003","No canonical Phase 7 rule; requires anatomy review"
"skeleton","Abductor pollicis longus.el","Abductor pollicis longus.e.006","No canonical Phase 7 rule; requires anatomy review"
"skeleton","Deep head of flexor pollicis brevis.o1l","Deep head of flexor pollicis brevis.o1.006","No canonical Phase 7 rule; requires anatomy review"
"skeleton","Dorsal interossei muscles of hand.o4l","Dorsal interossei muscles of hand.o4.006","No canonical Phase 7 rule; requires anatomy review"
"skeleton","First metacarpal bone.r","First metacarpal bone.003","No canonical Phase 7 rule; requires anatomy review"
"skeleton","Abductor pollicis longus.er","Abductor pollicis longus.e.005","No canonical Phase 7 rule; requires anatomy review"
"skeleton","Deep head of flexor pollicis brevis.o1r","Deep head of flexor pollicis brevis.o1.005","No canonical Phase 7 rule; requires anatomy review"
"skeleton","Dorsal interossei muscles of hand.o4r","Dorsal interossei muscles of hand.o4.005","No canonical Phase 7 rule; requires anatomy review"
"skeleton","Fourth metacarpal bone.l","Fourth metacarpal bone.003","No canonical Phase 7 rule; requires anatomy review"
"skeleton","Dorsal interossei muscles of hand.o1l","Dorsal interossei muscles of hand.o1.006","No canonical Phase 7 rule; requires anatomy review"
"skeleton","Fourth metacarpal bone.r","Fourth metacarpal bone.003","No canonical Phase 7 rule; requires anatomy review"
"skeleton","Dorsal interossei muscles of hand.o1r","Dorsal interossei muscles of hand.o1.005","No canonical Phase 7 rule; requires anatomy review"
"skeleton","Hamate bone.l","Hamate bone.003","No canonical Phase 7 rule; requires anatomy review"
"skeleton","Flexor digiti minimi of hand.ol","Flexor digiti minimi of hand.o.006","No canonical Phase 7 rule; requires anatomy review"
"skeleton","Hook of hamate bone.i","Hook of hamate bone.j.006","No canonical Phase 7 rule; requires anatomy review"
"skeleton","Opponens digiti minimi muscle of hand.ol","Opponens digiti minimi muscle of hand.o.006","No canonical Phase 7 rule; requires anatomy review"
"skeleton","Hamate bone.r","Hamate bone.003","No canonical Phase 7 rule; requires anatomy review"
"skeleton","Flexor digiti minimi of hand.or","Flexor digiti minimi of hand.o.005","No canonical Phase 7 rule; requires anatomy review"
"skeleton","Hook of hamate bone.j","Hook of hamate bone.j.005","No canonical Phase 7 rule; requires anatomy review"
"skeleton","Opponens digiti minimi muscle of hand.or","Opponens digiti minimi muscle of hand.o.005","No canonical Phase 7 rule; requires anatomy review"
"skeleton","Anatomical neck of humerus.i","Anatomical neck of humerus.j.006","No canonical Phase 7 rule; requires anatomy review"
"skeleton","Anconeus muscle.ol","Anconeus muscle.o.006","No canonical Phase 7 rule; requires anatomy review"
"skeleton","Anterior border of humerus.i","Anterior border of humerus.j.006","No canonical Phase 7 rule; requires anatomy review"
"skeleton","Anterolateral surface of humerus.i","Anterolateral surface of humerus.j.006","No canonical Phase 7 rule; requires anatomy review"
"skeleton","Anteromedial surface of humerus.i","Anteromedial surface of humerus.j.006","No canonical Phase 7 rule; requires anatomy review"
"skeleton","Body of humerus.i","Body of humerus.j.006","No canonical Phase 7 rule; requires anatomy review"
"skeleton","Brachialis muscle.ol","Brachialis muscle.o.006","No canonical Phase 7 rule; requires anatomy review"
"skeleton","Brachioradialis muscle.ol","Brachioradialis muscle.o.006","No canonical Phase 7 rule; requires anatomy review"
"skeleton","Capitulum of humerus.i","Capitulum of humerus.j.006","No canonical Phase 7 rule; requires anatomy review"
"skeleton","Common extensor tendon.ol","Common extensor tendon.o.006","No canonical Phase 7 rule; requires anatomy review"
"skeleton","Common flexor tendon.ol","Common flexor tendon.o.006","No canonical Phase 7 rule; requires anatomy review"
"skeleton","Condyle of humerus.i","Condyle of humerus.j.006","No canonical Phase 7 rule; requires anatomy review"
"skeleton","Coronoid fossa.i","Coronoid fossa.j.006","No canonical Phase 7 rule; requires anatomy review"
"skeleton","Crest of greater tubercle.i","Crest of greater tubercle.j.006","No canonical Phase 7 rule; requires anatomy review"
"skeleton","Crest of lesser tubercle.i","Crest of lesser tubercle.j.006","No canonical Phase 7 rule; requires anatomy review"
"skeleton","Deltoid muscle.el","Deltoid muscle.e.006","No canonical Phase 7 rule; requires anatomy review"
"skeleton","Deltoid tuberosity.i","Deltoid tuberosity.j.006","No canonical Phase 7 rule; requires anatomy review"
"skeleton","Extensor carpi radialis longus.ol","Extensor carpi radialis longus.o.006","No canonical Phase 7 rule; requires anatomy review"
"skeleton","Greater tubercle.i","Greater tubercle.j.006","No canonical Phase 7 rule; requires anatomy review"
"skeleton","Groove for ulnar nerve.i","Groove for ulnar nerve.j.006","No canonical Phase 7 rule; requires anatomy review"
"skeleton","Head of humerus.i","Head of humerus.j.006","No canonical Phase 7 rule; requires anatomy review"
"skeleton","Humerus.i","Humerus.j.006","No canonical Phase 7 rule; requires anatomy review"
"skeleton","Infraspinatus muscle.el","Infraspinatus muscle.e.006","No canonical Phase 7 rule; requires anatomy review"
"skeleton","Intertubercular sulcus.i","Intertubercular sulcus.j.006","No canonical Phase 7 rule; requires anatomy review"
"skeleton","Lateral border of humerus.i","Lateral border of humerus.j.006","No canonical Phase 7 rule; requires anatomy review"
"skeleton","Lateral epicondyle of humerus.i","Lateral epicondyle of humerus.j.006","No canonical Phase 7 rule; requires anatomy review"
"skeleton","Lateral head of triceps brachii.ol","Lateral head of triceps brachii.o.006","No canonical Phase 7 rule; requires anatomy review"
"skeleton","Lateral supracondylar ridge.i","Lateral supracondylar ridge.j.006","No canonical Phase 7 rule; requires anatomy review"
"skeleton","Lesser tubercle.i","Lesser tubercle.j.006","No canonical Phase 7 rule; requires anatomy review"
"skeleton","Medial border of humerus.i","Medial border of humerus.j.006","No canonical Phase 7 rule; requires anatomy review"
"skeleton","Medial epicondyle of humerus.i","Medial epicondyle of humerus.j.006","No canonical Phase 7 rule; requires anatomy review"
"skeleton","Medial head of triceps brachii.ol","Medial head of triceps brachii.o.006","No canonical Phase 7 rule; requires anatomy review"
"skeleton","Medial supracondylar ridge.i","Medial supracondylar ridge.j.006","No canonical Phase 7 rule; requires anatomy review"
"skeleton","Olecranon fossa.i","Olecranon fossa.j.006","No canonical Phase 7 rule; requires anatomy review"
"skeleton","Pectoralis major muscle.el","Pectoralis major muscle.e.006","No canonical Phase 7 rule; requires anatomy review"
"skeleton","Posterior surface of humerus.i","Posterior surface of humerus.j.006","No canonical Phase 7 rule; requires anatomy review"
"skeleton","Pronator teres.ol","Pronator teres.o.006","No canonical Phase 7 rule; requires anatomy review"
"skeleton","Radial fossa.i","Radial fossa.j.006","No canonical Phase 7 rule; requires anatomy review"
"skeleton","Radial groove.i","Radial groove.j.006","No canonical Phase 7 rule; requires anatomy review"
"skeleton","Subscapularis muscle.el","Subscapularis muscle.e.006","No canonical Phase 7 rule; requires anatomy review"
"skeleton","Supraspinatus muscle.el","Supraspinatus muscle.e.006","No canonical Phase 7 rule; requires anatomy review"
"skeleton","Surgical neck of humerus.i","Surgical neck of humerus.j.006","No canonical Phase 7 rule; requires anatomy review"
"skeleton","Teres minor muscle.el","Teres minor muscle.e.006","No canonical Phase 7 rule; requires anatomy review"
"skeleton","Trochlea of humerus.i","Trochlea of humerus.j.006","No canonical Phase 7 rule; requires anatomy review"
"skeleton","Anatomical neck of humerus.j","Anatomical neck of humerus.j.005","No canonical Phase 7 rule; requires anatomy review"
"skeleton","Anconeus muscle.or","Anconeus muscle.o.005","No canonical Phase 7 rule; requires anatomy review"
"skeleton","Anterior border of humerus.j","Anterior border of humerus.j.005","No canonical Phase 7 rule; requires anatomy review"
"skeleton","Anterolateral surface of humerus.j","Anterolateral surface of humerus.j.005","No canonical Phase 7 rule; requires anatomy review"
"skeleton","Anteromedial surface of humerus.j","Anteromedial surface of humerus.j.005","No canonical Phase 7 rule; requires anatomy review"
"skeleton","Body of humerus.j","Body of humerus.j.005","No canonical Phase 7 rule; requires anatomy review"
"skeleton","Brachialis muscle.or","Brachialis muscle.o.005","No canonical Phase 7 rule; requires anatomy review"
"skeleton","Brachioradialis muscle.or","Brachioradialis muscle.o.005","No canonical Phase 7 rule; requires anatomy review"
"skeleton","Capitulum of humerus.j","Capitulum of humerus.j.005","No canonical Phase 7 rule; requires anatomy review"
"skeleton","Common extensor tendon.or","Common extensor tendon.o.005","No canonical Phase 7 rule; requires anatomy review"
"skeleton","Common flexor tendon.or","Common flexor tendon.o.005","No canonical Phase 7 rule; requires anatomy review"
"skeleton","Condyle of humerus.j","Condyle of humerus.j.005","No canonical Phase 7 rule; requires anatomy review"
"skeleton","Coronoid fossa.j","Coronoid fossa.j.005","No canonical Phase 7 rule; requires anatomy review"
"skeleton","Crest of greater tubercle.j","Crest of greater tubercle.j.005","No canonical Phase 7 rule; requires anatomy review"
"skeleton","Crest of lesser tubercle.j","Crest of lesser tubercle.j.005","No canonical Phase 7 rule; requires anatomy review"
"skeleton","Deltoid muscle.er","Deltoid muscle.e.005","No canonical Phase 7 rule; requires anatomy review"
"skeleton","Deltoid tuberosity.j","Deltoid tuberosity.j.005","No canonical Phase 7 rule; requires anatomy review"
"skeleton","Extensor carpi radialis longus.or","Extensor carpi radialis longus.o.005","No canonical Phase 7 rule; requires anatomy review"
"skeleton","Greater tubercle.j","Greater tubercle.j.005","No canonical Phase 7 rule; requires anatomy review"
"skeleton","Groove for ulnar nerve.j","Groove for ulnar nerve.j.005","No canonical Phase 7 rule; requires anatomy review"
"skeleton","Head of humerus.j","Head of humerus.j.005","No canonical Phase 7 rule; requires anatomy review"
"skeleton","Humerus.j","Humerus.j.005","No canonical Phase 7 rule; requires anatomy review"
"skeleton","Infraspinatus muscle.er","Infraspinatus muscle.e.005","No canonical Phase 7 rule; requires anatomy review"
"skeleton","Intertubercular sulcus.j","Intertubercular sulcus.j.005","No canonical Phase 7 rule; requires anatomy review"
"skeleton","Lateral border of humerus.j","Lateral border of humerus.j.005","No canonical Phase 7 rule; requires anatomy review"
"skeleton","Lateral epicondyle of humerus.j","Lateral epicondyle of humerus.j.005","No canonical Phase 7 rule; requires anatomy review"
"skeleton","Lateral head of triceps brachii.or","Lateral head of triceps brachii.o.005","No canonical Phase 7 rule; requires anatomy review"
"skeleton","Lateral supracondylar ridge.j","Lateral supracondylar ridge.j.005","No canonical Phase 7 rule; requires anatomy review"
"skeleton","Lesser tubercle.j","Lesser tubercle.j.005","No canonical Phase 7 rule; requires anatomy review"
"skeleton","Medial border of humerus.j","Medial border of humerus.j.005","No canonical Phase 7 rule; requires anatomy review"
"skeleton","Medial epicondyle of humerus.j","Medial epicondyle of humerus.j.005","No canonical Phase 7 rule; requires anatomy review"
"skeleton","Medial head of triceps brachii.or","Medial head of triceps brachii.o.005","No canonical Phase 7 rule; requires anatomy review"
"skeleton","Medial supracondylar ridge.j","Medial supracondylar ridge.j.005","No canonical Phase 7 rule; requires anatomy review"
"skeleton","Olecranon fossa.j","Olecranon fossa.j.005","No canonical Phase 7 rule; requires anatomy review"
"skeleton","Pectoralis major muscle.er","Pectoralis major muscle.e.005","No canonical Phase 7 rule; requires anatomy review"
"skeleton","Posterior surface of humerus.j","Posterior surface of humerus.j.005","No canonical Phase 7 rule; requires anatomy review"
"skeleton","Pronator teres.or","Pronator teres.o.005","No canonical Phase 7 rule; requires anatomy review"
"skeleton","Radial fossa.j","Radial fossa.j.005","No canonical Phase 7 rule; requires anatomy review"
"skeleton","Radial groove.j","Radial groove.j.005","No canonical Phase 7 rule; requires anatomy review"
"skeleton","Subscapularis muscle.er","Subscapularis muscle.e.005","No canonical Phase 7 rule; requires anatomy review"
"skeleton","Supraspinatus muscle.er","Supraspinatus muscle.e.005","No canonical Phase 7 rule; requires anatomy review"
"skeleton","Surgical neck of humerus.j","Surgical neck of humerus.j.005","No canonical Phase 7 rule; requires anatomy review"
"skeleton","Teres minor muscle.er","Teres minor muscle.e.005","No canonical Phase 7 rule; requires anatomy review"
"skeleton","Trochlea of humerus.j","Trochlea of humerus.j.005","No canonical Phase 7 rule; requires anatomy review"
"skeleton","Lunate bone.l","Lunate bone.006","No canonical Phase 7 rule; requires anatomy review"
"skeleton","Lunate bone.r","Lunate bone.005","No canonical Phase 7 rule; requires anatomy review"
"skeleton","Metacarpal bones.j","Metacarpal bones.j.003","No canonical Phase 7 rule; requires anatomy review"
"skeleton","Middle phalanx of fifth finger of hand.l","Middle phalanx of fifth finger of hand.003","No canonical Phase 7 rule; requires anatomy review"
"skeleton","Extensor digitorum.e4l","Extensor digitorum.e4.006","No canonical Phase 7 rule; requires anatomy review"
"skeleton","Flexor digitorum superficialis.el","Flexor digitorum superficialis.e.006","No canonical Phase 7 rule; requires anatomy review"
"skeleton","Middle phalanx of fifth finger of hand.r","Middle phalanx of fifth finger of hand.003","No canonical Phase 7 rule; requires anatomy review"
"skeleton","Extensor digitorum.e4r","Extensor digitorum.e4.005","No canonical Phase 7 rule; requires anatomy review"
"skeleton","Flexor digitorum superficialis.er","Flexor digitorum superficialis.e.005","No canonical Phase 7 rule; requires anatomy review"
"skeleton","Middle phalanx of fourth finger of hand.l","Middle phalanx of fourth finger of hand.003","No canonical Phase 7 rule; requires anatomy review"
"skeleton","Extensor digitorum.e5l","Extensor digitorum.e5.006","No canonical Phase 7 rule; requires anatomy review"
"skeleton","Flexor digitorum superficialis.e1l","Flexor digitorum superficialis.e1.006","No canonical Phase 7 rule; requires anatomy review"
"skeleton","Middle phalanx of fourth finger of hand.r","Middle phalanx of fourth finger of hand.003","No canonical Phase 7 rule; requires anatomy review"
"skeleton","Extensor digitorum.e5r","Extensor digitorum.e5.005","No canonical Phase 7 rule; requires anatomy review"
"skeleton","Flexor digitorum superficialis.e1r","Flexor digitorum superficialis.e1.005","No canonical Phase 7 rule; requires anatomy review"
"skeleton","Middle phalanx of second finger of hand.l","Middle phalanx of second finger of hand.003","No canonical Phase 7 rule; requires anatomy review"
"skeleton","Extensor digitorum.e7l","Extensor digitorum.e7.006","No canonical Phase 7 rule; requires anatomy review"
"skeleton","Flexor digitorum superficialis.e3l","Flexor digitorum superficialis.e3.006","No canonical Phase 7 rule; requires anatomy review"
"skeleton","Middle phalanx of second finger of hand.r","Middle phalanx of second finger of hand.003","No canonical Phase 7 rule; requires anatomy review"
"skeleton","Extensor digitorum.e7r","Extensor digitorum.e7.005","No canonical Phase 7 rule; requires anatomy review"
"skeleton","Flexor digitorum superficialis.e3r","Flexor digitorum superficialis.e3.005","No canonical Phase 7 rule; requires anatomy review"
"skeleton","Middle phalanx of third finger of hand.l","Middle phalanx of third finger of hand.003","No canonical Phase 7 rule; requires anatomy review"
"skeleton","Extensor digitorum.e6l","Extensor digitorum.e6.006","No canonical Phase 7 rule; requires anatomy review"
"skeleton","Flexor digitorum superficialis.e2l","Flexor digitorum superficialis.e2.006","No canonical Phase 7 rule; requires anatomy review"
"skeleton","Middle phalanx of third finger of hand.r","Middle phalanx of third finger of hand.003","No canonical Phase 7 rule; requires anatomy review"
"skeleton","Extensor digitorum.e6r","Extensor digitorum.e6.005","No canonical Phase 7 rule; requires anatomy review"
"skeleton","Flexor digitorum superficialis.e2r","Flexor digitorum superficialis.e2.005","No canonical Phase 7 rule; requires anatomy review"
"skeleton","Phalanges of hand.j","Phalanges of hand.j.003","No canonical Phase 7 rule; requires anatomy review"
"skeleton","Pisiform bone.l","Pisiform bone.006","No canonical Phase 7 rule; requires anatomy review"
"skeleton","Abductor digiti minimi of hand.ol","Abductor digiti minimi of hand.o.006","No canonical Phase 7 rule; requires anatomy review"
"skeleton","Flexor carpi ulnaris.el","Flexor carpi ulnaris.e.006","No canonical Phase 7 rule; requires anatomy review"
"skeleton","Pisiform bone.r","Pisiform bone.005","No canonical Phase 7 rule; requires anatomy review"
"skeleton","Abductor digiti minimi of hand.or","Abductor digiti minimi of hand.o.005","No canonical Phase 7 rule; requires anatomy review"
"skeleton","Flexor carpi ulnaris.er","Flexor carpi ulnaris.e.005","No canonical Phase 7 rule; requires anatomy review"
"skeleton","Proximal phalanx of fifth finger of hand.l","Proximal phalanx of fifth finger of hand.003","No canonical Phase 7 rule; requires anatomy review"
"skeleton","Abductor digiti minimi of hand.el","Abductor digiti minimi of hand.e.006","No canonical Phase 7 rule; requires anatomy review"
"skeleton","Extensor digitorum.el","Extensor digitorum.e.006","No canonical Phase 7 rule; requires anatomy review"
"skeleton","Flexor digiti minimi of hand.el","Flexor digiti minimi of hand.e.006","No canonical Phase 7 rule; requires anatomy review"
"skeleton","Proximal phalanx of fifth finger of hand.r","Proximal phalanx of fifth finger of hand.003","No canonical Phase 7 rule; requires anatomy review"
"skeleton","Abductor digiti minimi of hand.er","Abductor digiti minimi of hand.e.005","No canonical Phase 7 rule; requires anatomy review"
"skeleton","Extensor digitorum.er","Extensor digitorum.e.005","No canonical Phase 7 rule; requires anatomy review"
"skeleton","Flexor digiti minimi of hand.er","Flexor digiti minimi of hand.e.005","No canonical Phase 7 rule; requires anatomy review"
"skeleton","Proximal phalanx of first finger of hand.l","Proximal phalanx of first finger of hand.003","No canonical Phase 7 rule; requires anatomy review"
"skeleton","Adductor pollicis.e1l","Adductor pollicis.e1.006","No canonical Phase 7 rule; requires anatomy review"
"skeleton","Extensor pollicis brevis.el","Extensor pollicis brevis.e.006","No canonical Phase 7 rule; requires anatomy review"
"skeleton","Proximal phalanx of first finger of hand.r","Proximal phalanx of first finger of hand.003","No canonical Phase 7 rule; requires anatomy review"
"skeleton","Adductor pollicis.e1r","Adductor pollicis.e1.005","No canonical Phase 7 rule; requires anatomy review"
"skeleton","Extensor pollicis brevis.er","Extensor pollicis brevis.e.005","No canonical Phase 7 rule; requires anatomy review"
"skeleton","Proximal phalanx of fourth finger of hand.l","Proximal phalanx of fourth finger of hand.003","No canonical Phase 7 rule; requires anatomy review"
"skeleton","Extensor digitorum.e1l","Extensor digitorum.e1.006","No canonical Phase 7 rule; requires anatomy review"
"skeleton","Proximal phalanx of fourth finger of hand.r","Proximal phalanx of fourth finger of hand.003","No canonical Phase 7 rule; requires anatomy review"
"skeleton","Extensor digitorum.e1r","Extensor digitorum.e1.005","No canonical Phase 7 rule; requires anatomy review"
"skeleton","Proximal phalanx of second finger of hand.l","Proximal phalanx of second finger of hand.003","No canonical Phase 7 rule; requires anatomy review"
"skeleton","Extensor digitorum.e3l","Extensor digitorum.e3.006","No canonical Phase 7 rule; requires anatomy review"
"skeleton","Proximal phalanx of second finger of hand.r","Proximal phalanx of second finger of hand.003","No canonical Phase 7 rule; requires anatomy review"
"skeleton","Extensor digitorum.e3r","Extensor digitorum.e3.005","No canonical Phase 7 rule; requires anatomy review"
"skeleton","Proximal phalanx of third finger of hand.l","Proximal phalanx of third finger of hand.003","No canonical Phase 7 rule; requires anatomy review"
"skeleton","Base of phalanx of hand.i","Base of phalanx of hand.j.006","No canonical Phase 7 rule; requires anatomy review"
"skeleton","Body of phalanx of hand.i","Body of phalanx of hand.j.006","No canonical Phase 7 rule; requires anatomy review"
"skeleton","Extensor digitorum.e2l","Extensor digitorum.e2.006","No canonical Phase 7 rule; requires anatomy review"
"skeleton","Head of phalanx of hand.i","Head of phalanx of hand.j.006","No canonical Phase 7 rule; requires anatomy review"
"skeleton","Trochlea of phalanx of hand.i","Trochlea of phalanx of hand.j.006","No canonical Phase 7 rule; requires anatomy review"
"skeleton","Proximal phalanx of third finger of hand.r","Proximal phalanx of third finger of hand.003","No canonical Phase 7 rule; requires anatomy review"
"skeleton","Base of phalanx of hand.j","Base of phalanx of hand.j.005","No canonical Phase 7 rule; requires anatomy review"
"skeleton","Body of phalanx of hand.j","Body of phalanx of hand.j.005","No canonical Phase 7 rule; requires anatomy review"
"skeleton","Extensor digitorum.e2r","Extensor digitorum.e2.005","No canonical Phase 7 rule; requires anatomy review"
"skeleton","Head of phalanx of hand.j","Head of phalanx of hand.j.005","No canonical Phase 7 rule; requires anatomy review"
"skeleton","Trochlea of phalanx of hand.j","Trochlea of phalanx of hand.j.005","No canonical Phase 7 rule; requires anatomy review"
"skeleton","Abductor pollicis longus.ol","Abductor pollicis longus.o.006","No canonical Phase 7 rule; requires anatomy review"
"skeleton","Anterior border of radius.i","Anterior border of radius.j.006","No canonical Phase 7 rule; requires anatomy review"
"skeleton","Anterior surface of radius.i","Anterior surface of radius.j.006","No canonical Phase 7 rule; requires anatomy review"
"skeleton","Articular circumference of head of radius.i","Articular circumference of head of radius.j.006","No canonical Phase 7 rule; requires anatomy review"
"skeleton","Articular facet of head of radius.i","Articular facet of head of radius.j.006","No canonical Phase 7 rule; requires anatomy review"
"skeleton","Biceps brachii muscle.el","Biceps brachii muscle.e.006","No canonical Phase 7 rule; requires anatomy review"
"skeleton","Body of radius.i","Body of radius.j.006","No canonical Phase 7 rule; requires anatomy review"
"skeleton","Brachioradialis muscle.el","Brachioradialis muscle.e.006","No canonical Phase 7 rule; requires anatomy review"
"skeleton","Carpal articular surface.i","Carpal articular surface.j.006","No canonical Phase 7 rule; requires anatomy review"
"skeleton","Dorsal radial tubercle.i","Dorsal radial tubercle.j.006","No canonical Phase 7 rule; requires anatomy review"
"skeleton","Extensor pollicis brevis.ol","Extensor pollicis brevis.o.006","No canonical Phase 7 rule; requires anatomy review"
"skeleton","Flexor digitorum superficialis.ol","Flexor digitorum superficialis.o.006","No canonical Phase 7 rule; requires anatomy review"
"skeleton","Flexor pollicis longus.o1l","Flexor pollicis longus.o1.006","No canonical Phase 7 rule; requires anatomy review"
"skeleton","Grooves for extensor tendons.i","Grooves for extensor tendons.j.006","No canonical Phase 7 rule; requires anatomy review"
"skeleton","Head of radius.i","Head of radius.j.006","No canonical Phase 7 rule; requires anatomy review"
"skeleton","Interosseous border of radius.i","Interosseous border of radius.j.006","No canonical Phase 7 rule; requires anatomy review"
"skeleton","Lateral surface of radius.i","Lateral surface of radius.j.006","No canonical Phase 7 rule; requires anatomy review"
"skeleton","Neck of radius.i","Neck of radius.j.006","No canonical Phase 7 rule; requires anatomy review"
"skeleton","Posterior border of radius.i","Posterior border of radius.j.006","No canonical Phase 7 rule; requires anatomy review"
"skeleton","Posterior surface of radius.i","Posterior surface of radius.j.006","No canonical Phase 7 rule; requires anatomy review"
"skeleton","Pronator teres.el","Pronator teres.e.006","No canonical Phase 7 rule; requires anatomy review"
"skeleton","Pronator tuberosity.i","Pronator tuberosity.j.006","No canonical Phase 7 rule; requires anatomy review"
"skeleton","Radial styloid process.i","Radial styloid process.j.006","No canonical Phase 7 rule; requires anatomy review"
"skeleton","Radial tuberosity.i","Radial tuberosity.j.006","No canonical Phase 7 rule; requires anatomy review"
"skeleton","Radius.i","Radius.j.006","No canonical Phase 7 rule; requires anatomy review"
"skeleton","Supinator.el","Supinator.e.006","No canonical Phase 7 rule; requires anatomy review"
"skeleton","Suprastyloid crest.i","Suprastyloid crest.j.006","No canonical Phase 7 rule; requires anatomy review"
"skeleton","Ulnar notch.i","Ulnar notch.j.006","No canonical Phase 7 rule; requires anatomy review"
"skeleton","Abductor pollicis longus.or","Abductor pollicis longus.o.005","No canonical Phase 7 rule; requires anatomy review"
"skeleton","Anterior border of radius.j","Anterior border of radius.j.005","No canonical Phase 7 rule; requires anatomy review"
"skeleton","Anterior surface of radius.j","Anterior surface of radius.j.005","No canonical Phase 7 rule; requires anatomy review"
"skeleton","Articular circumference of head of radius.j","Articular circumference of head of radius.j.005","No canonical Phase 7 rule; requires anatomy review"
"skeleton","Articular facet of head of radius.j","Articular facet of head of radius.j.005","No canonical Phase 7 rule; requires anatomy review"
"skeleton","Biceps brachii muscle.er","Biceps brachii muscle.e.005","No canonical Phase 7 rule; requires anatomy review"
"skeleton","Body of radius.j","Body of radius.j.005","No canonical Phase 7 rule; requires anatomy review"
"skeleton","Brachioradialis muscle.er","Brachioradialis muscle.e.005","No canonical Phase 7 rule; requires anatomy review"
"skeleton","Carpal articular surface.j","Carpal articular surface.j.005","No canonical Phase 7 rule; requires anatomy review"
"skeleton","Dorsal radial tubercle.j","Dorsal radial tubercle.j.005","No canonical Phase 7 rule; requires anatomy review"
"skeleton","Extensor pollicis brevis.or","Extensor pollicis brevis.o.005","No canonical Phase 7 rule; requires anatomy review"
"skeleton","Flexor digitorum superficialis.or","Flexor digitorum superficialis.o.005","No canonical Phase 7 rule; requires anatomy review"
"skeleton","Flexor pollicis longus.o1r","Flexor pollicis longus.o1.005","No canonical Phase 7 rule; requires anatomy review"
"skeleton","Grooves for extensor tendons.j","Grooves for extensor tendons.j.005","No canonical Phase 7 rule; requires anatomy review"
"skeleton","Head of radius.j","Head of radius.j.005","No canonical Phase 7 rule; requires anatomy review"
"skeleton","Interosseous border of radius.j","Interosseous border of radius.j.005","No canonical Phase 7 rule; requires anatomy review"
"skeleton","Lateral surface of radius.j","Lateral surface of radius.j.005","No canonical Phase 7 rule; requires anatomy review"
"skeleton","Neck of radius.j","Neck of radius.j.005","No canonical Phase 7 rule; requires anatomy review"
"skeleton","Posterior border of radius.j","Posterior border of radius.j.005","No canonical Phase 7 rule; requires anatomy review"
"skeleton","Posterior surface of radius.j","Posterior surface of radius.j.005","No canonical Phase 7 rule; requires anatomy review"
"skeleton","Pronator quadratus.el","Pronator quadratus.e.003","No canonical Phase 7 rule; requires anatomy review"
"skeleton","Pronator teres.er","Pronator teres.e.005","No canonical Phase 7 rule; requires anatomy review"
"skeleton","Pronator tuberosity.j","Pronator tuberosity.j.005","No canonical Phase 7 rule; requires anatomy review"
"skeleton","Radial styloid process.j","Radial styloid process.j.005","No canonical Phase 7 rule; requires anatomy review"
"skeleton","Radial tuberosity.j","Radial tuberosity.j.005","No canonical Phase 7 rule; requires anatomy review"
"skeleton","Radius.j","Radius.j.005","No canonical Phase 7 rule; requires anatomy review"
"skeleton","Supinator.er","Supinator.e.005","No canonical Phase 7 rule; requires anatomy review"
"skeleton","Suprastyloid crest.j","Suprastyloid crest.j.005","No canonical Phase 7 rule; requires anatomy review"
"skeleton","Ulnar notch.j","Ulnar notch.j.005","No canonical Phase 7 rule; requires anatomy review"
"skeleton","Scaphoid bone.l","Scaphoid bone.003","No canonical Phase 7 rule; requires anatomy review"
"skeleton","Tubercle of scaphoid bone.i","Tubercle of scaphoid bone.j.006","No canonical Phase 7 rule; requires anatomy review"
"skeleton","Scaphoid bone.r","Scaphoid bone.003","No canonical Phase 7 rule; requires anatomy review"
"skeleton","Tubercle of scaphoid bone.j","Tubercle of scaphoid bone.j.005","No canonical Phase 7 rule; requires anatomy review"
"skeleton","Second metacarpal bone.l","Second metacarpal bone.003","No canonical Phase 7 rule; requires anatomy review"
"skeleton","Dorsal interossei muscles of hand.o3l","Dorsal interossei muscles of hand.o3.006","No canonical Phase 7 rule; requires anatomy review"
"skeleton","Extensor carpi radialis longus.el","Extensor carpi radialis longus.e.006","No canonical Phase 7 rule; requires anatomy review"
"skeleton","Second metacarpal bone.r","Second metacarpal bone.003","No canonical Phase 7 rule; requires anatomy review"
"skeleton","Dorsal interossei muscles of hand.o3r","Dorsal interossei muscles of hand.o3.005","No canonical Phase 7 rule; requires anatomy review"
"skeleton","Extensor carpi radialis longus.er","Extensor carpi radialis longus.e.005","No canonical Phase 7 rule; requires anatomy review"
"skeleton","Third metacarpal bone.l","Third metacarpal bone.003","No canonical Phase 7 rule; requires anatomy review"
"skeleton","Body of metacarpal bone.i","Body of metacarpal bone.j.006","No canonical Phase 7 rule; requires anatomy review"
"skeleton","Dorsal interossei muscles of hand.o2l","Dorsal interossei muscles of hand.o2.006","No canonical Phase 7 rule; requires anatomy review"
"skeleton","Extensor carpi radialis brevis.el","Extensor carpi radialis brevis.e.006","No canonical Phase 7 rule; requires anatomy review"
"skeleton","Head of metacarpal bone.i","Head of metacarpal bone.j.006","No canonical Phase 7 rule; requires anatomy review"
"skeleton","Metacarpal base.i","Metacarpal base.j.006","No canonical Phase 7 rule; requires anatomy review"
"skeleton","Styloid process of third metacarpal bone.i","Styloid process of third metacarpal bone.j.006","No canonical Phase 7 rule; requires anatomy review"
"skeleton","Third metacarpal bone.r","Third metacarpal bone.003","No canonical Phase 7 rule; requires anatomy review"
"skeleton","Body of metacarpal bone.j","Body of metacarpal bone.j.005","No canonical Phase 7 rule; requires anatomy review"
"skeleton","Dorsal interossei muscles of hand.o2r","Dorsal interossei muscles of hand.o2.005","No canonical Phase 7 rule; requires anatomy review"
"skeleton","Extensor carpi radialis brevis.er","Extensor carpi radialis brevis.e.005","No canonical Phase 7 rule; requires anatomy review"
"skeleton","Head of metacarpal bone.j","Head of metacarpal bone.j.005","No canonical Phase 7 rule; requires anatomy review"
"skeleton","Metacarpal base.j","Metacarpal base.j.005","No canonical Phase 7 rule; requires anatomy review"
"skeleton","Styloid process of third metacarpal bone.j","Styloid process of third metacarpal bone.j.005","No canonical Phase 7 rule; requires anatomy review"
"skeleton","Trapezium bone.l","Trapezium bone.003","No canonical Phase 7 rule; requires anatomy review"
"skeleton","Deep head of flexor pollicis brevis.ol","Deep head of flexor pollicis brevis.o.006","No canonical Phase 7 rule; requires anatomy review"
"skeleton","Trapezium bone.r","Trapezium bone.003","No canonical Phase 7 rule; requires anatomy review"
"skeleton","Deep head of flexor pollicis brevis.or","Deep head of flexor pollicis brevis.o.005","No canonical Phase 7 rule; requires anatomy review"
"skeleton","Tubercle of trapezium bone.j","Tubercle of trapezium bone.j.003","No canonical Phase 7 rule; requires anatomy review"
"skeleton","Trapezoid bone.l","Trapezoid bone.003","No canonical Phase 7 rule; requires anatomy review"
"skeleton","Trapezoid bone.r","Trapezoid bone.003","No canonical Phase 7 rule; requires anatomy review"
"skeleton","Triquetrum bone.l","Triquetrum bone.003","No canonical Phase 7 rule; requires anatomy review"
"skeleton","Extensor carpi ulnaris.el","Extensor carpi ulnaris.e.006","No canonical Phase 7 rule; requires anatomy review"
"skeleton","Triquetrum bone.r","Triquetrum bone.003","No canonical Phase 7 rule; requires anatomy review"
"skeleton","Extensor carpi ulnaris.er","Extensor carpi ulnaris.e.005","No canonical Phase 7 rule; requires anatomy review"
"skeleton","Anconeus muscle.el","Anconeus muscle.e.006","No canonical Phase 7 rule; requires anatomy review"
"skeleton","Anterior border of ulna.i","Anterior border of ulna.j.006","No canonical Phase 7 rule; requires anatomy review"
"skeleton","Articular circumference of head of ulna.i","Articular circumference of head of ulna.j.006","No canonical Phase 7 rule; requires anatomy review"
"skeleton","Body of ulna.i","Body of ulna.j.006","No canonical Phase 7 rule; requires anatomy review"
"skeleton","Brachialis muscle.el","Brachialis muscle.e.006","No canonical Phase 7 rule; requires anatomy review"
"skeleton","Coronoid process of ulna.i","Coronoid process of ulna.j.006","No canonical Phase 7 rule; requires anatomy review"
"skeleton","Extensor carpi ulnaris.ol","Extensor carpi ulnaris.o.006","No canonical Phase 7 rule; requires anatomy review"
"skeleton","Extensor indicis.ol","Extensor indicis.o.006","No canonical Phase 7 rule; requires anatomy review"
"skeleton","Extensor pollicis longus.ol","Extensor pollicis longus.o.006","No canonical Phase 7 rule; requires anatomy review"
"skeleton","Flexor pollicis longus.ol","Flexor pollicis longus.o.006","No canonical Phase 7 rule; requires anatomy review"
"skeleton","Head of ulna.i","Head of ulna.j.006","No canonical Phase 7 rule; requires anatomy review"
"skeleton","Interosseous border of ulna.i","Interosseous border of ulna.j.006","No canonical Phase 7 rule; requires anatomy review"
"skeleton","Medial surface of ulna.i","Medial surface of ulna.j.006","No canonical Phase 7 rule; requires anatomy review"
"skeleton","Olecranon.i","Olecranon.j.006","No canonical Phase 7 rule; requires anatomy review"
"skeleton","Posterior border of ulna.i","Posterior border of ulna.j.006","No canonical Phase 7 rule; requires anatomy review"
"skeleton","Posterior surface of ulna.i","Posterior surface of ulna.j.006","No canonical Phase 7 rule; requires anatomy review"
"skeleton","Radial notch.i","Radial notch.j.006","No canonical Phase 7 rule; requires anatomy review"
"skeleton","Sublime tubercle.i","Sublime tubercle.j.006","No canonical Phase 7 rule; requires anatomy review"
"skeleton","Supinator crest.i","Supinator crest.j.006","No canonical Phase 7 rule; requires anatomy review"
"skeleton","Supinator.ol","Supinator.o.006","No canonical Phase 7 rule; requires anatomy review"
"skeleton","Triceps brachii muscle.el","Triceps brachii muscle.e.006","No canonical Phase 7 rule; requires anatomy review"
"skeleton","Trochlear notch.i","Trochlear notch.j.006","No canonical Phase 7 rule; requires anatomy review"
"skeleton","Tuberosity of ulna.i","Tuberosity of ulna.j.006","No canonical Phase 7 rule; requires anatomy review"
"skeleton","Ulna.i","Ulna.j.006","No canonical Phase 7 rule; requires anatomy review"
"skeleton","Ulnar head of flexor carpi ulnaris.ol","Ulnar head of flexor carpi ulnaris.o.006","No canonical Phase 7 rule; requires anatomy review"
"skeleton","Ulnar styloid process.i","Ulnar styloid process.j.006","No canonical Phase 7 rule; requires anatomy review"
"skeleton","Anconeus muscle.er","Anconeus muscle.e.005","No canonical Phase 7 rule; requires anatomy review"
"skeleton","Anterior border of ulna.j","Anterior border of ulna.j.005","No canonical Phase 7 rule; requires anatomy review"
"skeleton","Articular circumference of head of ulna.j","Articular circumference of head of ulna.j.005","No canonical Phase 7 rule; requires anatomy review"
"skeleton","Body of ulna.j","Body of ulna.j.005","No canonical Phase 7 rule; requires anatomy review"
"skeleton","Brachialis muscle.er","Brachialis muscle.e.005","No canonical Phase 7 rule; requires anatomy review"
"skeleton","Coronoid process of ulna.j","Coronoid process of ulna.j.005","No canonical Phase 7 rule; requires anatomy review"
"skeleton","Extensor carpi ulnaris.or","Extensor carpi ulnaris.o.005","No canonical Phase 7 rule; requires anatomy review"
"skeleton","Extensor indicis.or","Extensor indicis.o.005","No canonical Phase 7 rule; requires anatomy review"
"skeleton","Extensor pollicis longus.or","Extensor pollicis longus.o.005","No canonical Phase 7 rule; requires anatomy review"
"skeleton","Flexor pollicis longus.or","Flexor pollicis longus.o.005","No canonical Phase 7 rule; requires anatomy review"
"skeleton","Head of ulna.j","Head of ulna.j.005","No canonical Phase 7 rule; requires anatomy review"
"skeleton","Interosseous border of ulna.j","Interosseous border of ulna.j.005","No canonical Phase 7 rule; requires anatomy review"
"skeleton","Medial surface of ulna.j","Medial surface of ulna.j.005","No canonical Phase 7 rule; requires anatomy review"
"skeleton","Olecranon.j","Olecranon.j.005","No canonical Phase 7 rule; requires anatomy review"
"skeleton","Posterior border of ulna.j","Posterior border of ulna.j.005","No canonical Phase 7 rule; requires anatomy review"
"skeleton","Posterior surface of ulna.j","Posterior surface of ulna.j.005","No canonical Phase 7 rule; requires anatomy review"
"skeleton","Pronator quadratus.ol","Pronator quadratus.o.003","No canonical Phase 7 rule; requires anatomy review"
"skeleton","Radial notch.j","Radial notch.j.005","No canonical Phase 7 rule; requires anatomy review"
"skeleton","Sublime tubercle.j","Sublime tubercle.j.005","No canonical Phase 7 rule; requires anatomy review"
"skeleton","Supinator crest.j","Supinator crest.j.005","No canonical Phase 7 rule; requires anatomy review"
"skeleton","Supinator.or","Supinator.o.005","No canonical Phase 7 rule; requires anatomy review"
"skeleton","Triceps brachii muscle.er","Triceps brachii muscle.e.005","No canonical Phase 7 rule; requires anatomy review"
"skeleton","Trochlear notch.j","Trochlear notch.j.005","No canonical Phase 7 rule; requires anatomy review"
"skeleton","Tuberosity of ulna.j","Tuberosity of ulna.j.005","No canonical Phase 7 rule; requires anatomy review"
"skeleton","Ulna.j","Ulna.j.005","No canonical Phase 7 rule; requires anatomy review"
"skeleton","Ulnar head of flexor carpi ulnaris.or","Ulnar head of flexor carpi ulnaris.o.005","No canonical Phase 7 rule; requires anatomy review"
"skeleton","Ulnar styloid process.j","Ulnar styloid process.j.005","No canonical Phase 7 rule; requires anatomy review"
"skeleton","Bones of pectoral girdle.j","Bones of pectoral girdle.j.003","No canonical Phase 7 rule; requires anatomy review"
"skeleton","Acromial end.i","Acromial end.j.006","No canonical Phase 7 rule; requires anatomy review"
"skeleton","Acromial facet.i","Acromial facet.j.006","No canonical Phase 7 rule; requires anatomy review"
"skeleton","Ascending part of trapezius muscle.ol","Ascending part of trapezius muscle.o.006","No canonical Phase 7 rule; requires anatomy review"
"skeleton","Body of clavicle.i","Body of clavicle.j.006","No canonical Phase 7 rule; requires anatomy review"
"skeleton","Clavicular part of deltoid muscle.ol","Clavicular part of deltoid muscle.o.006","No canonical Phase 7 rule; requires anatomy review"
"skeleton","Conoid tubercle.i","Conoid tubercle.j.006","No canonical Phase 7 rule; requires anatomy review"
"skeleton","Groove for subclavius muscle.i","Groove for subclavius muscle.j.006","No canonical Phase 7 rule; requires anatomy review"
"skeleton","Impression for costoclavicular ligament.i","Impression for costoclavicular ligament.j.006","No canonical Phase 7 rule; requires anatomy review"
"skeleton","Pectoralis major muscle.ol","Pectoralis major muscle.o.006","No canonical Phase 7 rule; requires anatomy review"
"skeleton","Sternal articular surface.i","Sternal articular surface.j.006","No canonical Phase 7 rule; requires anatomy review"
"skeleton","Sternal end.i","Sternal end.j.006","No canonical Phase 7 rule; requires anatomy review"
"skeleton","Sternocleidomastoid muscle.o1l","Sternocleidomastoid muscle.o1.006","No canonical Phase 7 rule; requires anatomy review"
"skeleton","Sternohyoid muscle.ol","Sternohyoid muscle.o.006","No canonical Phase 7 rule; requires anatomy review"
"skeleton","Subclavius muscle.ol","Subclavius muscle.o.006","No canonical Phase 7 rule; requires anatomy review"
"skeleton","Trapezoid line.i","Trapezoid line.j.006","No canonical Phase 7 rule; requires anatomy review"
"skeleton","Tuberosity for coracoclavicular ligament.i","Tuberosity for coracoclavicular ligament.j.006","No canonical Phase 7 rule; requires anatomy review"
"skeleton","Acromial end.j","Acromial end.j.005","No canonical Phase 7 rule; requires anatomy review"
"skeleton","Acromial facet.j","Acromial facet.j.005","No canonical Phase 7 rule; requires anatomy review"
"skeleton","Ascending part of trapezius muscle.or","Ascending part of trapezius muscle.o.005","No canonical Phase 7 rule; requires anatomy review"
"skeleton","Body of clavicle.j","Body of clavicle.j.005","No canonical Phase 7 rule; requires anatomy review"
"skeleton","Clavicular part of deltoid muscle.or","Clavicular part of deltoid muscle.o.005","No canonical Phase 7 rule; requires anatomy review"
"skeleton","Conoid tubercle.j","Conoid tubercle.j.005","No canonical Phase 7 rule; requires anatomy review"
"skeleton","Groove for subclavius muscle.j","Groove for subclavius muscle.j.005","No canonical Phase 7 rule; requires anatomy review"
"skeleton","Impression for costoclavicular ligament.j","Impression for costoclavicular ligament.j.005","No canonical Phase 7 rule; requires anatomy review"
"skeleton","Pectoralis major muscle.or","Pectoralis major muscle.o.005","No canonical Phase 7 rule; requires anatomy review"
"skeleton","Sternal articular surface.j","Sternal articular surface.j.005","No canonical Phase 7 rule; requires anatomy review"
"skeleton","Sternal end.j","Sternal end.j.005","No canonical Phase 7 rule; requires anatomy review"
"skeleton","Sternocleidomastoid muscle.o1r","Sternocleidomastoid muscle.o1.005","No canonical Phase 7 rule; requires anatomy review"
"skeleton","Sternohyoid muscle.or","Sternohyoid muscle.o.005","No canonical Phase 7 rule; requires anatomy review"
"skeleton","Subclavius muscle.or","Subclavius muscle.o.005","No canonical Phase 7 rule; requires anatomy review"
"skeleton","Trapezoid line.j","Trapezoid line.j.005","No canonical Phase 7 rule; requires anatomy review"
"skeleton","Tuberosity for coracoclavicular ligament.j","Tuberosity for coracoclavicular ligament.j.005","No canonical Phase 7 rule; requires anatomy review"
"skeleton","Acromial angle.i","Acromial angle.j.006","No canonical Phase 7 rule; requires anatomy review"
"skeleton","Acromial part of deltoid muscle.ol","Acromial part of deltoid muscle.o.006","No canonical Phase 7 rule; requires anatomy review"
"skeleton","Acromion.i","Acromion.j.006","No canonical Phase 7 rule; requires anatomy review"
"skeleton","Clavicular facet.i","Clavicular facet.j.006","No canonical Phase 7 rule; requires anatomy review"
"skeleton","Coracobrachialis muscle.ol","Coracobrachialis muscle.o.006","No canonical Phase 7 rule; requires anatomy review"
"skeleton","Coracoid process.i","Coracoid process.j.006","No canonical Phase 7 rule; requires anatomy review"
"skeleton","Costal surface of scapula.i","Costal surface of scapula.j.006","No canonical Phase 7 rule; requires anatomy review"
"skeleton","Deltoid tubercle.i","Deltoid tubercle.j.006","No canonical Phase 7 rule; requires anatomy review"
"skeleton","Descending part of trapezius muscle.ol","Ascending part of trapezius muscle.o1.006","No canonical Phase 7 rule; requires anatomy review"
"skeleton","Glenoid fossa.i","Glenoid fossa.j.006","No canonical Phase 7 rule; requires anatomy review"
"skeleton","Glenoid process of scapula.i","Glenoid process of scapula.j.006","No canonical Phase 7 rule; requires anatomy review"
"skeleton","Inferior angle of scapula.i","Inferior angle of scapula.j.006","No canonical Phase 7 rule; requires anatomy review"
"skeleton","Infraglenoid tubercle.i","Infraglenoid tubercle.j.006","No canonical Phase 7 rule; requires anatomy review"
"skeleton","Infraspinatus muscle.ol","Infraspinatus muscle.o.006","No canonical Phase 7 rule; requires anatomy review"
"skeleton","Infraspinous fossa.i","Infraspinous fossa.j.006","No canonical Phase 7 rule; requires anatomy review"
"skeleton","Lateral angle of scapula.i","Lateral angle of scapula.j.006","No canonical Phase 7 rule; requires anatomy review"
"skeleton","Lateral border of scapula.i","Lateral border of scapula.j.006","No canonical Phase 7 rule; requires anatomy review"
"skeleton","Latissimus dorsi muscle.el","Latissimus dorsi muscle.e.006","No canonical Phase 7 rule; requires anatomy review"
"skeleton","Levator scapulae.el","Levator scapulae.e.006","No canonical Phase 7 rule; requires anatomy review"
"skeleton","Long head of biceps brachii.ol","Long head of biceps brachii.o.006","No canonical Phase 7 rule; requires anatomy review"
"skeleton","Long head of triceps brachii.ol","Long head of triceps brachii.o.006","No canonical Phase 7 rule; requires anatomy review"
"skeleton","Medial border of scapula.i","Medial border of scapula.j.006","No canonical Phase 7 rule; requires anatomy review"
"skeleton","Neck of scapula.i","Neck of scapula.j.006","No canonical Phase 7 rule; requires anatomy review"
"skeleton","Omohyoid muscle.ol","Omohyoid muscle.o.006","No canonical Phase 7 rule; requires anatomy review"
"skeleton","Pectoralis minor muscle.ol","Pectoralis minor muscle.o.006","No canonical Phase 7 rule; requires anatomy review"
"skeleton","Posterior surface of scapula.i","Posterior surface of scapula.j.006","No canonical Phase 7 rule; requires anatomy review"
"skeleton","Rhomboid major muscle.el","Rhomboid major muscle.e.006","No canonical Phase 7 rule; requires anatomy review"
"skeleton","Rhomboid minor muscle.el","Rhomboid minor muscle.e.006","No canonical Phase 7 rule; requires anatomy review"
"skeleton","Scapula.i","Scapula.j.006","No canonical Phase 7 rule; requires anatomy review"
"skeleton","Scapular notch.i","Scapular notch.j.006","No canonical Phase 7 rule; requires anatomy review"
"skeleton","Scapular spinal part of deltoid muscle.ol","Scapular spinal part of deltoid muscle.o.006","No canonical Phase 7 rule; requires anatomy review"
"skeleton","Serratus anterior muscle.ol","Serratus anterior muscle.o.006","No canonical Phase 7 rule; requires anatomy review"
"skeleton","Spine of scapula.i","Spine of scapula.j.006","No canonical Phase 7 rule; requires anatomy review"
"skeleton","Spinoglenoid notch.i","Spinoglenoid notch.j.006","No canonical Phase 7 rule; requires anatomy review"
"skeleton","Subscapular fossa.i","Subscapular fossa.j.006","No canonical Phase 7 rule; requires anatomy review"
"skeleton","Subscapularis muscle.ol","Subscapularis muscle.o.006","No canonical Phase 7 rule; requires anatomy review"
"skeleton","Superior angle of scapula.i","Superior angle of scapula.j.006","No canonical Phase 7 rule; requires anatomy review"
"skeleton","Superior border of scapula.i","Superior border of scapula.j.006","No canonical Phase 7 rule; requires anatomy review"
"skeleton","Supraglenoid tubercle.i","Supraglenoid tubercle.j.006","No canonical Phase 7 rule; requires anatomy review"
"skeleton","Supraspinatus muscle.ol","Supraspinatus muscle.o.006","No canonical Phase 7 rule; requires anatomy review"
"skeleton","Supraspinous fossa.i","Supraspinous fossa.j.006","No canonical Phase 7 rule; requires anatomy review"
"skeleton","Teres major muscle.ol","Teres major muscle.o.006","No canonical Phase 7 rule; requires anatomy review"
"skeleton","Teres minor muscle.ol","Teres minor muscle.o.006","No canonical Phase 7 rule; requires anatomy review"
"skeleton","Transverse part of trapezius muscle.ol","Ascending part of trapezius muscle.o2.006","No canonical Phase 7 rule; requires anatomy review"
"skeleton","Acromial angle.j","Acromial angle.j.005","No canonical Phase 7 rule; requires anatomy review"
"skeleton","Acromial part of deltoid muscle.or","Acromial part of deltoid muscle.o.005","No canonical Phase 7 rule; requires anatomy review"
"skeleton","Acromion.j","Acromion.j.005","No canonical Phase 7 rule; requires anatomy review"
"skeleton","Clavicular facet.j","Clavicular facet.j.005","No canonical Phase 7 rule; requires anatomy review"
"skeleton","Coracobrachialis muscle.or","Coracobrachialis muscle.o.005","No canonical Phase 7 rule; requires anatomy review"
"skeleton","Coracoid process.j","Coracoid process.j.005","No canonical Phase 7 rule; requires anatomy review"
"skeleton","Costal surface of scapula.j","Costal surface of scapula.j.005","No canonical Phase 7 rule; requires anatomy review"
"skeleton","Deltoid tubercle.j","Deltoid tubercle.j.005","No canonical Phase 7 rule; requires anatomy review"
"skeleton","Descending part of trapezius muscle.or","Ascending part of trapezius muscle.o1.005","No canonical Phase 7 rule; requires anatomy review"
"skeleton","Glenoid fossa.j","Glenoid fossa.j.005","No canonical Phase 7 rule; requires anatomy review"
"skeleton","Glenoid process of scapula.j","Glenoid process of scapula.j.005","No canonical Phase 7 rule; requires anatomy review"
"skeleton","Inferior angle of scapula.j","Inferior angle of scapula.j.005","No canonical Phase 7 rule; requires anatomy review"
"skeleton","Infraglenoid tubercle.j","Infraglenoid tubercle.j.005","No canonical Phase 7 rule; requires anatomy review"
"skeleton","Infraspinatus muscle.or","Infraspinatus muscle.o.005","No canonical Phase 7 rule; requires anatomy review"
"skeleton","Infraspinous fossa.j","Infraspinous fossa.j.005","No canonical Phase 7 rule; requires anatomy review"
"skeleton","Lateral angle of scapula.j","Lateral angle of scapula.j.005","No canonical Phase 7 rule; requires anatomy review"
"skeleton","Lateral border of scapula.j","Lateral border of scapula.j.005","No canonical Phase 7 rule; requires anatomy review"
"skeleton","Latissimus dorsi muscle.er","Latissimus dorsi muscle.e.005","No canonical Phase 7 rule; requires anatomy review"
"skeleton","Levator scapulae.er","Levator scapulae.e.005","No canonical Phase 7 rule; requires anatomy review"
"skeleton","Long head of biceps brachii.or","Long head of biceps brachii.o.005","No canonical Phase 7 rule; requires anatomy review"
"skeleton","Long head of triceps brachii.or","Long head of triceps brachii.o.005","No canonical Phase 7 rule; requires anatomy review"
"skeleton","Medial border of scapula.j","Medial border of scapula.j.005","No canonical Phase 7 rule; requires anatomy review"
"skeleton","Neck of scapula.j","Neck of scapula.j.005","No canonical Phase 7 rule; requires anatomy review"
"skeleton","Omohyoid muscle.or","Omohyoid muscle.o.005","No canonical Phase 7 rule; requires anatomy review"
"skeleton","Pectoralis minor muscle.or","Pectoralis minor muscle.o.005","No canonical Phase 7 rule; requires anatomy review"
"skeleton","Posterior surface of scapula.j","Posterior surface of scapula.j.005","No canonical Phase 7 rule; requires anatomy review"
"skeleton","Rhomboid major muscle.er","Rhomboid major muscle.e.005","No canonical Phase 7 rule; requires anatomy review"
"skeleton","Rhomboid minor muscle.er","Rhomboid minor muscle.e.005","No canonical Phase 7 rule; requires anatomy review"
"skeleton","Scapula.j","Scapula.j.005","No canonical Phase 7 rule; requires anatomy review"
"skeleton","Scapular notch.j","Scapular notch.j.005","No canonical Phase 7 rule; requires anatomy review"
"skeleton","Scapular spinal part of deltoid muscle.or","Scapular spinal part of deltoid muscle.o.005","No canonical Phase 7 rule; requires anatomy review"
"skeleton","Serratus anterior muscle.or","Serratus anterior muscle.o.005","No canonical Phase 7 rule; requires anatomy review"
"skeleton","Short head of biceps brachii.ol","Short head of biceps brachii.o.003","No canonical Phase 7 rule; requires anatomy review"
"skeleton","Spine of scapula.j","Spine of scapula.j.005","No canonical Phase 7 rule; requires anatomy review"
"skeleton","Spinoglenoid notch.j","Spinoglenoid notch.j.005","No canonical Phase 7 rule; requires anatomy review"
"skeleton","Subscapular fossa.j","Subscapular fossa.j.005","No canonical Phase 7 rule; requires anatomy review"
"skeleton","Subscapularis muscle.or","Subscapularis muscle.o.005","No canonical Phase 7 rule; requires anatomy review"
"skeleton","Superior angle of scapula.j","Superior angle of scapula.j.005","No canonical Phase 7 rule; requires anatomy review"
"skeleton","Superior border of scapula.j","Superior border of scapula.j.005","No canonical Phase 7 rule; requires anatomy review"
"skeleton","Supraglenoid tubercle.j","Supraglenoid tubercle.j.005","No canonical Phase 7 rule; requires anatomy review"
"skeleton","Supraspinatus muscle.or","Supraspinatus muscle.o.005","No canonical Phase 7 rule; requires anatomy review"
"skeleton","Supraspinous fossa.j","Supraspinous fossa.j.005","No canonical Phase 7 rule; requires anatomy review"
"skeleton","Teres major muscle.or","Teres major muscle.o.005","No canonical Phase 7 rule; requires anatomy review"
"skeleton","Teres minor muscle.or","Teres minor muscle.o.005","No canonical Phase 7 rule; requires anatomy review"
"skeleton","Transverse part of trapezius muscle.or","Ascending part of trapezius muscle.o2.005","No canonical Phase 7 rule; requires anatomy review"
"skeleton","Bones of upper limb.j","Bones of upper limb.j.003","No canonical Phase 7 rule; requires anatomy review"
"skeleton","Bony pelvis.j","Bony pelvis.j.003","No canonical Phase 7 rule; requires anatomy review"
"skeleton","Linea terminalis.j","Linea terminalis.j.003","No canonical Phase 7 rule; requires anatomy review"
"skeleton","Pelvic inlet.j","Pelvic inlet.j.003","No canonical Phase 7 rule; requires anatomy review"
"skeleton","Pelvic outlet.j","Pelvic outlet.j.003","No canonical Phase 7 rule; requires anatomy review"
"skeleton","Cartilages of ear.j","Cartilages of ear.j.003","No canonical Phase 7 rule; requires anatomy review"
"skeleton","Bones of cranium.j","Bones of cranium.j.003","No canonical Phase 7 rule; requires anatomy review"
"skeleton","Ethmoid bone","Ethmoid bone.003","No canonical Phase 7 rule; requires anatomy review"
"skeleton","Anterior cells of ethmoid bone.l","Anterior cells of ethmoid bone.005","No canonical Phase 7 rule; requires anatomy review"
"skeleton","Anterior cells of ethmoid bone.r","Anterior cells of ethmoid bone.006","No canonical Phase 7 rule; requires anatomy review"
"skeleton","Middle cells of ethmoid bone.l","Middle cells of ethmoid bone.005","No canonical Phase 7 rule; requires anatomy review"
"skeleton","Middle cells of ethmoid bone.r","Middle cells of ethmoid bone.006","No canonical Phase 7 rule; requires anatomy review"
"skeleton","Posterior cells of ethmoid bone.l","Posterior cells of ethmoid bone.005","No canonical Phase 7 rule; requires anatomy review"
"skeleton","Posterior cells of ethmoid bone.r","Posterior cells of ethmoid bone.006","No canonical Phase 7 rule; requires anatomy review"
"skeleton","Frontal bone","Frontal bone.003","No canonical Phase 7 rule; requires anatomy review"
"skeleton","(Supra-orbital notch).j","(Supra-orbital notch).j.003","No canonical Phase 7 rule; requires anatomy review"
"skeleton","[Trochlear spine].j","[Trochlear spine].j.003","No canonical Phase 7 rule; requires anatomy review"
"skeleton","Ethmoidal notch.j","Ethmoidal notch.j.003","No canonical Phase 7 rule; requires anatomy review"
"skeleton","External surface of frontal bone.j","External surface of frontal bone.j.003","No canonical Phase 7 rule; requires anatomy review"
"skeleton","Foramen caecum of frontal bone.j","Foramen caecum of frontal bone.j.003","No canonical Phase 7 rule; requires anatomy review"
"skeleton","Fossa for lacrimal gland.j","Fossa for lacrimal gland.j.003","No canonical Phase 7 rule; requires anatomy review"
"skeleton","Frontal crest.j","Frontal crest.j.003","No canonical Phase 7 rule; requires anatomy review"
"skeleton","Frontal eminence.j","Frontal eminence.j.003","No canonical Phase 7 rule; requires anatomy review"
"skeleton","Frontal part of orbital margin.j","Frontal part of orbital margin.j.003","No canonical Phase 7 rule; requires anatomy review"
"skeleton","Frontalis muscle.ol","Frontalis muscle.o.006","No canonical Phase 7 rule; requires anatomy review"
"skeleton","Frontalis muscle.or","Frontalis muscle.o.005","No canonical Phase 7 rule; requires anatomy review"
"skeleton","Glabella.j","Glabella.j.003","No canonical Phase 7 rule; requires anatomy review"
"skeleton","Internal surface of squamous part of frontal bone.j","Internal surface of squamous part of frontal bone.j.003","No canonical Phase 7 rule; requires anatomy review"
"skeleton","Nasal margin of frontal bone.j","Nasal margin of frontal bone.j.003","No canonical Phase 7 rule; requires anatomy review"
"skeleton","Nasal part of frontal bone.j","Nasal part of frontal bone.j.003","No canonical Phase 7 rule; requires anatomy review"
"skeleton","Nasal spine of frontal bone.j","Nasal spine of frontal bone.j.003","No canonical Phase 7 rule; requires anatomy review"
"skeleton","Opening of frontal sinus.j","Opening of frontal sinus.j.003","No canonical Phase 7 rule; requires anatomy review"
"skeleton","Orbital part of frontal bone.j","Orbital part of frontal bone.j.003","No canonical Phase 7 rule; requires anatomy review"
"skeleton","Orbital plate of frontal bone.j","Orbital plate of frontal bone.j.003","No canonical Phase 7 rule; requires anatomy review"
"skeleton","Orbital surface of frontal bone.j","Orbital surface of frontal bone.j.003","No canonical Phase 7 rule; requires anatomy review"
"skeleton","Parietal margin of frontal bone.j","Parietal margin of frontal bone.j.003","No canonical Phase 7 rule; requires anatomy review"
"skeleton","Procerus muscle.ol","Procerus muscle.o.005","No canonical Phase 7 rule; requires anatomy review"
"skeleton","Procerus muscle.or","Procerus muscle.o.006","No canonical Phase 7 rule; requires anatomy review"
"skeleton","Sinus of frontal bone","Sinus of frontal bone.003","No canonical Phase 7 rule; requires anatomy review"
"skeleton","Septum of frontal sinuses.j","Septum of frontal sinuses.j.003","No canonical Phase 7 rule; requires anatomy review"
"skeleton","Sphenoidal margin of frontal bone.j","Sphenoidal margin of frontal bone.j.003","No canonical Phase 7 rule; requires anatomy review"
"skeleton","Squamous part of frontal bone.j","Squamous part of frontal bone.j.003","No canonical Phase 7 rule; requires anatomy review"
"skeleton","Supercilliary arch.j","Supercilliary arch.j.003","No canonical Phase 7 rule; requires anatomy review"
"skeleton","Temporal line.j","Temporal line.j.003","No canonical Phase 7 rule; requires anatomy review"
"skeleton","Temporal surface of frontal bone.j","Temporal surface of frontal bone.j.003","No canonical Phase 7 rule; requires anatomy review"
"skeleton","Temporalis muscle.o1l","Temporalis muscle.o1.006","No canonical Phase 7 rule; requires anatomy review"
"skeleton","Temporalis muscle.o1r","Temporalis muscle.o1.005","No canonical Phase 7 rule; requires anatomy review"
"skeleton","Trochlear fovea.j","Trochlear fovea.j.003","No canonical Phase 7 rule; requires anatomy review"
"skeleton","Zygomatic process of frontal bone.j","Zygomatic process of frontal bone.j.003","No canonical Phase 7 rule; requires anatomy review"
"skeleton","Inferior nasal concha bone.l","Inferior nasal concha bone.003","No canonical Phase 7 rule; requires anatomy review"
"skeleton","Inferior nasal concha bone.r","Inferior nasal concha bone.003","No canonical Phase 7 rule; requires anatomy review"
"skeleton","Lacrimal bone.l","Lacrimal bone.003","No canonical Phase 7 rule; requires anatomy review"
"skeleton","Lacrimal bone.r","Lacrimal bone.003","No canonical Phase 7 rule; requires anatomy review"
"skeleton","Maxilla.l","Maxilla.003","No canonical Phase 7 rule; requires anatomy review"
"skeleton","Bucinator.ol","Bucinator.o.006","No canonical Phase 7 rule; requires anatomy review"
"skeleton","Depressor septi nasi.ol","Depressor septi nasi.o.006","No canonical Phase 7 rule; requires anatomy review"
"skeleton","Lateral pterygoid muscle.o1l","Lateral pterygoid muscle.o1.006","No canonical Phase 7 rule; requires anatomy review"
"skeleton","Levator anguli oris.ol","Levator anguli oris.o.006","No canonical Phase 7 rule; requires anatomy review"
"skeleton","Levator labii superioris.ol","Levator labii superioris.o.006","No canonical Phase 7 rule; requires anatomy review"
"skeleton","Levator nasolabialis.ol","Levator nasolabialis.o.006","No canonical Phase 7 rule; requires anatomy review"
"skeleton","Maxillary dental arch.i","Maxillary dental arch.j.006","No canonical Phase 7 rule; requires anatomy review"
"skeleton","Orbital part of orbicularis oculi.ol","Orbital part of orbicularis oculi.o.006","No canonical Phase 7 rule; requires anatomy review"
"skeleton","Maxilla.r","Maxilla.003","No canonical Phase 7 rule; requires anatomy review"
"skeleton","Bucinator.or","Bucinator.o.005","No canonical Phase 7 rule; requires anatomy review"
"skeleton","Depressor septi nasi.or","Depressor septi nasi.o.005","No canonical Phase 7 rule; requires anatomy review"
"skeleton","Lateral pterygoid muscle.o1r","Lateral pterygoid muscle.o1.005","No canonical Phase 7 rule; requires anatomy review"
"skeleton","Levator anguli oris.or","Levator anguli oris.o.005","No canonical Phase 7 rule; requires anatomy review"
"skeleton","Levator labii superioris.or","Levator labii superioris.o.005","No canonical Phase 7 rule; requires anatomy review"
"skeleton","Levator nasolabialis.or","Levator nasolabialis.o.005","No canonical Phase 7 rule; requires anatomy review"
"skeleton","Maxillary dental arch.j","Maxillary dental arch.j.005","No canonical Phase 7 rule; requires anatomy review"
"skeleton","Orbital part of orbicularis oculi.or","Orbital part of orbicularis oculi.o.005","No canonical Phase 7 rule; requires anatomy review"
"skeleton","Nasal bone.l","Nasal bone.003","No canonical Phase 7 rule; requires anatomy review"
"skeleton","Nasalis muscle.ol","Nasalis muscle.o.006","No canonical Phase 7 rule; requires anatomy review"
"skeleton","Nasal bone.r","Nasal bone.003","No canonical Phase 7 rule; requires anatomy review"
"skeleton","Nasalis muscle.or","Nasalis muscle.o.005","No canonical Phase 7 rule; requires anatomy review"
"skeleton","Procerus muscle.el","Procerus muscle.e.003","No canonical Phase 7 rule; requires anatomy review"
"skeleton","Occipital bone","Occipital bone.003","No canonical Phase 7 rule; requires anatomy review"
"skeleton","(External occipital crest).j","(External occipital crest).j.003","No canonical Phase 7 rule; requires anatomy review"
"skeleton","(Internal occipital crest).j","(Internal occipital crest).j.003","No canonical Phase 7 rule; requires anatomy review"
"skeleton","(Vermian fossa).j","(Vermian fossa).j.003","No canonical Phase 7 rule; requires anatomy review"
"skeleton","Ascending part of trapezius muscle.el","Ascending part of trapezius muscle.e.006","No canonical Phase 7 rule; requires anatomy review"
"skeleton","Ascending part of trapezius muscle.er","Ascending part of trapezius muscle.e.005","No canonical Phase 7 rule; requires anatomy review"
"skeleton","Basilar part of occipital bone.j","Basilar part of occipital bone.j.003","No canonical Phase 7 rule; requires anatomy review"
"skeleton","Cerebellar fossa.j","Cerebellar fossa.j.003","No canonical Phase 7 rule; requires anatomy review"
"skeleton","Cerebral fossa.j","Cerebral fossa.j.003","No canonical Phase 7 rule; requires anatomy review"
"skeleton","Condylar canal.j","Condylar canal.j.003","No canonical Phase 7 rule; requires anatomy review"
"skeleton","Condylar fossa.j","Condylar fossa.j.003","No canonical Phase 7 rule; requires anatomy review"
"skeleton","Cruciform eminence.j","Cruciform eminence.j.003","No canonical Phase 7 rule; requires anatomy review"
"skeleton","External occipital protuberance.j","External occipital protuberance.j.003","No canonical Phase 7 rule; requires anatomy review"
"skeleton","Foramen magnum.j","Foramen magnum.j.003","No canonical Phase 7 rule; requires anatomy review"
"skeleton","Groove for marginal sinus.j","Groove for marginal sinus.j.003","No canonical Phase 7 rule; requires anatomy review"
"skeleton","Groove for occipital sinus.j","Groove for occipital sinus.j.003","No canonical Phase 7 rule; requires anatomy review"
"skeleton","Groove for transverse sinus.j","Groove for transverse sinus.j.003","No canonical Phase 7 rule; requires anatomy review"
"skeleton","Hypoglossal canal.j","Hypoglossal canal.j.003","No canonical Phase 7 rule; requires anatomy review"
"skeleton","Inferior nuchal line.j","Inferior nuchal line.j.003","No canonical Phase 7 rule; requires anatomy review"
"skeleton","Internal occipital protuberance.j","Internal occipital protuberance.j.003","No canonical Phase 7 rule; requires anatomy review"
"skeleton","Intrajugular process of occipital bone.j","Intrajugular process of occipital bone.j.003","No canonical Phase 7 rule; requires anatomy review"
"skeleton","Jugular notch of occipital bone.j","Jugular notch of occipital bone.j.003","No canonical Phase 7 rule; requires anatomy review"
"skeleton","Jugular process.j","Jugular process.j.003","No canonical Phase 7 rule; requires anatomy review"
"skeleton","Lateral part of occipital bone.j","Lateral part of occipital bone.j.003","No canonical Phase 7 rule; requires anatomy review"
"skeleton","Longus capitis muscle.ol","Longus capitis muscle.o.006","No canonical Phase 7 rule; requires anatomy review"
"skeleton","Longus capitis muscle.or","Longus capitis muscle.o.005","No canonical Phase 7 rule; requires anatomy review"
"skeleton","Mastoid border of occipital bone.j","Mastoid border of occipital bone.j.003","No canonical Phase 7 rule; requires anatomy review"
"skeleton","Obliquus superior capitis muscle.ol","Obliquus superior capitis muscle.o.006","No canonical Phase 7 rule; requires anatomy review"
"skeleton","Obliquus superior capitis muscle.or","Obliquus superior capitis muscle.o.005","No canonical Phase 7 rule; requires anatomy review"
"skeleton","Occipital condyle.j","Occipital condyle.j.003","No canonical Phase 7 rule; requires anatomy review"
"skeleton","Occipital plane.j","Occipital plane.j.003","No canonical Phase 7 rule; requires anatomy review"
"skeleton","Occipitalis muscle.ol","Occipitalis muscle.o.006","No canonical Phase 7 rule; requires anatomy review"
"skeleton","Occipitalis muscle.or","Occipitalis muscle.o.005","No canonical Phase 7 rule; requires anatomy review"
"skeleton","Pharyngeal tubercle.j","Pharyngeal tubercle.j.003","No canonical Phase 7 rule; requires anatomy review"
"skeleton","Rectus anterior capitis muscle.ol","Rectus anterior capitis muscle.o.005","No canonical Phase 7 rule; requires anatomy review"
"skeleton","Rectus anterior capitis muscle.or","Rectus anterior capitis muscle.o.006","No canonical Phase 7 rule; requires anatomy review"
"skeleton","Rectus lateralis capitis muscle.ol","Rectus lateralis capitis muscle.o.005","No canonical Phase 7 rule; requires anatomy review"
"skeleton","Rectus lateralis capitis muscle.or","Rectus lateralis capitis muscle.o.006","No canonical Phase 7 rule; requires anatomy review"
"skeleton","Rectus posterior major capitis muscle.ol","Rectus posterior major capitis muscle.o.005","No canonical Phase 7 rule; requires anatomy review"
"skeleton","Rectus posterior major capitis muscle.or","Rectus posterior major capitis muscle.o.006","No canonical Phase 7 rule; requires anatomy review"
"skeleton","Rectus posterior minor capitis muscle.ol","Rectus posterior minor capitis muscle.o.005","No canonical Phase 7 rule; requires anatomy review"
"skeleton","Rectus posterior minor capitis muscle.or","Rectus posterior minor capitis muscle.o.006","No canonical Phase 7 rule; requires anatomy review"
"skeleton","Spinalis capitis muscle.el","Spinalis capitis muscle.e.006","No canonical Phase 7 rule; requires anatomy review"
"skeleton","Spinalis capitis muscle.er","Spinalis capitis muscle.e.005","No canonical Phase 7 rule; requires anatomy review"
"skeleton","Squamous part of occipital bone.j","Squamous part of occipital bone.j.003","No canonical Phase 7 rule; requires anatomy review"
"skeleton","Superior nuchal line.j","Superior nuchal line.j.003","No canonical Phase 7 rule; requires anatomy review"
"skeleton","Supreme nuchal line.j","Supreme nuchal line.j.003","No canonical Phase 7 rule; requires anatomy review"
"skeleton","Palatine bone.l","Palatine bone.003","No canonical Phase 7 rule; requires anatomy review"
"skeleton","Lateral pterygoid muscle.ol","Lateral pterygoid muscle.o.006","No canonical Phase 7 rule; requires anatomy review"
"skeleton","Palatine bone.r","Palatine bone.003","No canonical Phase 7 rule; requires anatomy review"
"skeleton","Lateral pterygoid muscle.or","Lateral pterygoid muscle.o.005","No canonical Phase 7 rule; requires anatomy review"
"skeleton","Parietal bone.l","Parietal bone.l.003","No canonical Phase 7 rule; requires anatomy review"
"skeleton","Temporalis muscle.o2l","Temporalis muscle.o2.006","No canonical Phase 7 rule; requires anatomy review"
"skeleton","Parietal bone.r","Parietal bone.r.003","No canonical Phase 7 rule; requires anatomy review"
"skeleton","External surface of parietal bone.j","External surface of parietal bone.j.003","No canonical Phase 7 rule; requires anatomy review"
"skeleton","Frontal angle of parietal bone.j","Frontal angle of parietal bone.j.003","No canonical Phase 7 rule; requires anatomy review"
"skeleton","Frontal border of parietal bone.j","Frontal border of parietal bone.j.003","No canonical Phase 7 rule; requires anatomy review"
"skeleton","Groove for middle meningeal artery.j","Groove for middle meningeal artery.j.003","No canonical Phase 7 rule; requires anatomy review"
"skeleton","Inferior temporal line.j","Inferior temporal line.j.003","No canonical Phase 7 rule; requires anatomy review"
"skeleton","Internal surface of parietal bone.j","Internal surface of parietal bone.j.003","No canonical Phase 7 rule; requires anatomy review"
"skeleton","Mastoid angle of parietal bone.j","Mastoid angle of parietal bone.j.003","No canonical Phase 7 rule; requires anatomy review"
"skeleton","Occipital angle of parietal bone.j","Occipital angle of parietal bone.j.003","No canonical Phase 7 rule; requires anatomy review"
"skeleton","Occipital border of parietal bone.j","Occipital border of parietal bone.j.003","No canonical Phase 7 rule; requires anatomy review"
"skeleton","Parietal eminence.j","Parietal eminence.j.003","No canonical Phase 7 rule; requires anatomy review"
"skeleton","Parietal foramen.j","Parietal foramen.j.003","No canonical Phase 7 rule; requires anatomy review"
"skeleton","Sagittal border of parietal bone.j","Sagittal border of parietal bone.j.003","No canonical Phase 7 rule; requires anatomy review"
"skeleton","Sphenoidal angle of parietal bone.j","Sphenoidal angle of parietal bone.j.003","No canonical Phase 7 rule; requires anatomy review"
"skeleton","Squamosal border of parietal bone.j","Squamosal border of parietal bone.j.003","No canonical Phase 7 rule; requires anatomy review"
"skeleton","Superior temporal line.j","Superior temporal line.j.003","No canonical Phase 7 rule; requires anatomy review"
"skeleton","Temporalis muscle.o2r","Temporalis muscle.o2.005","No canonical Phase 7 rule; requires anatomy review"
"skeleton","Sphenoid bone","Sphenoid bone.l.003","No canonical Phase 7 rule; requires anatomy review"
"skeleton","(Middle clinoid process).j","(Middle clinoid process).j.003","No canonical Phase 7 rule; requires anatomy review"
"skeleton","Anterior clinoid process.j","Anterior clinoid process.j.003","No canonical Phase 7 rule; requires anatomy review"
"skeleton","Body of sphenoid bone.j","Body of sphenoid bone.j.003","No canonical Phase 7 rule; requires anatomy review"
"skeleton","Carotid sulcus.j","Carotid sulcus.j.003","No canonical Phase 7 rule; requires anatomy review"
"skeleton","Cerebral surface of greater wing.j","Cerebral surface of greater wing.j.003","No canonical Phase 7 rule; requires anatomy review"
"skeleton","Chiasmatic sulcus.j","Chiasmatic sulcus.j.003","No canonical Phase 7 rule; requires anatomy review"
"skeleton","Dorsum sellae.j","Dorsum sellae.j.003","No canonical Phase 7 rule; requires anatomy review"
"skeleton","Foramen ovale.j","Foramen ovale.j.003","No canonical Phase 7 rule; requires anatomy review"
"skeleton","Foramen rotundum.j","Foramen rotundum.j.003","No canonical Phase 7 rule; requires anatomy review"
"skeleton","Foramen spinosum.j","Foramen spinosum.j.003","No canonical Phase 7 rule; requires anatomy review"
"skeleton","Frontal margin of greater wing.j","Frontal margin of greater wing.j.003","No canonical Phase 7 rule; requires anatomy review"
"skeleton","Greater wing.j","Greater wing.j.003","No canonical Phase 7 rule; requires anatomy review"
"skeleton","Groove of pterygoid hamulus.j","Groove of pterygoid hamulus.j.003","No canonical Phase 7 rule; requires anatomy review"
"skeleton","Hypophysial fossa.j","Hypophysial fossa.j.003","No canonical Phase 7 rule; requires anatomy review"
"skeleton","Infratemporal surface of greater wing.j","Infratemporal surface of greater wing.j.003","No canonical Phase 7 rule; requires anatomy review"
"skeleton","Lateral pterygoid plate.j","Lateral pterygoid plate.j.003","No canonical Phase 7 rule; requires anatomy review"
"skeleton","Lesser wing.j","Lesser wing.j.003","No canonical Phase 7 rule; requires anatomy review"
"skeleton","Limbus of sphenoid.j","Limbus of sphenoid.j.003","No canonical Phase 7 rule; requires anatomy review"
"skeleton","Maxillary surface of greater wing.j","Maxillary surface of greater wing.j.003","No canonical Phase 7 rule; requires anatomy review"
"skeleton","Medial pterygoid muscle.ol","Medial pterygoid muscle.o.006","No canonical Phase 7 rule; requires anatomy review"
"skeleton","Medial pterygoid muscle.or","Medial pterygoid muscle.o.005","No canonical Phase 7 rule; requires anatomy review"
"skeleton","Medial pterygoid plate.j","Medial pterygoid plate.j.003","No canonical Phase 7 rule; requires anatomy review"
"skeleton","Optic canal.j","Optic canal.j.003","No canonical Phase 7 rule; requires anatomy review"
"skeleton","Orbital surface of greater wing.j","Orbital surface of greater wing.j.003","No canonical Phase 7 rule; requires anatomy review"
"skeleton","Parietal margin of greater wing.j","Parietal margin of greater wing.j.003","No canonical Phase 7 rule; requires anatomy review"
"skeleton","Posterior clinoid process.j","Posterior clinoid process.j.003","No canonical Phase 7 rule; requires anatomy review"
"skeleton","Pterygoid canal.j","Pterygoid canal.j.003","No canonical Phase 7 rule; requires anatomy review"
"skeleton","Pterygoid fossa.j","Pterygoid fossa.j.003","No canonical Phase 7 rule; requires anatomy review"
"skeleton","Pterygoid hamulus.j","Pterygoid hamulus.j.003","No canonical Phase 7 rule; requires anatomy review"
"skeleton","Pterygoid notch.j","Pterygoid notch.j.003","No canonical Phase 7 rule; requires anatomy review"
"skeleton","Pterygoid process .j","Pterygoid process .j.003","No canonical Phase 7 rule; requires anatomy review"
"skeleton","Pterygospinous process.j","Pterygospinous process.j.003","No canonical Phase 7 rule; requires anatomy review"
"skeleton","Scaphoid fossa.j","Scaphoid fossa.j.003","No canonical Phase 7 rule; requires anatomy review"
"skeleton","Sella turcica.j","Sella turcica.j.003","No canonical Phase 7 rule; requires anatomy review"
"skeleton","Sinus of sphenoid bone","Sinus of sphenoid bone.003","No canonical Phase 7 rule; requires anatomy review"
"skeleton","Septum of sphenoidal sinuses.j","Septum of sphenoidal sinuses.j.003","No canonical Phase 7 rule; requires anatomy review"
"skeleton","Sphenoidal crest.j","Sphenoidal crest.j.003","No canonical Phase 7 rule; requires anatomy review"
"skeleton","Sphenoidal lingula.j","Sphenoidal lingula.j.003","No canonical Phase 7 rule; requires anatomy review"
"skeleton","Sphenoidal yoke.j","Sphenoidal yoke.j.003","No canonical Phase 7 rule; requires anatomy review"
"skeleton","Spine of sphenoid bone.j","Spine of sphenoid bone.j.003","No canonical Phase 7 rule; requires anatomy review"
"skeleton","Squamosal margin of greater wing.j","Squamosal margin of greater wing.j.003","No canonical Phase 7 rule; requires anatomy review"
"skeleton","Sulcus of auditory tube.j","Sulcus of auditory tube.j.003","No canonical Phase 7 rule; requires anatomy review"
"skeleton","Temporal surface of greater wing.j","Temporal surface of greater wing.j.003","No canonical Phase 7 rule; requires anatomy review"
"skeleton","Temporalis muscle.o3l","Temporalis muscle.o3.006","No canonical Phase 7 rule; requires anatomy review"
"skeleton","Temporalis muscle.o3r","Temporalis muscle.o3.005","No canonical Phase 7 rule; requires anatomy review"
"skeleton","Tuberculum sellae.j","Tuberculum sellae.j.003","No canonical Phase 7 rule; requires anatomy review"
"skeleton","Vaginal process of sphenoid bone.j","Vaginal process of sphenoid bone.j.003","No canonical Phase 7 rule; requires anatomy review"
"skeleton","Zygomatic margin of greater wing.j","Zygomatic margin of greater wing.j.003","No canonical Phase 7 rule; requires anatomy review"
"skeleton","Temporal bone.l","Temporal bone.003","No canonical Phase 7 rule; requires anatomy review"
"skeleton","Anterior surface of petrous part.i","Anterior surface of petrous part.j.006","No canonical Phase 7 rule; requires anatomy review"
"skeleton","Apex of petrous part.i","Apex of petrous part.j.006","No canonical Phase 7 rule; requires anatomy review"
"skeleton","Arcuate eminence.i","Arcuate eminence.j.006","No canonical Phase 7 rule; requires anatomy review"
"skeleton","Masseter.o1l","Masseter.o1.006","No canonical Phase 7 rule; requires anatomy review"
"skeleton","Mastoid notch.i","Mastoid notch.j.006","No canonical Phase 7 rule; requires anatomy review"
"skeleton","Mastoid process.i","Mastoid process.j.006","No canonical Phase 7 rule; requires anatomy review"
"skeleton","Occipital margin of temporal bone.i","Occipital margin of temporal bone.j.006","No canonical Phase 7 rule; requires anatomy review"
"skeleton","Petrous part of temporal bone.i","Petrous part of temporal bone.j.006","No canonical Phase 7 rule; requires anatomy review"
"skeleton","Posterior surface of petrous part.i","Posterior surface of petrous part.j.006","No canonical Phase 7 rule; requires anatomy review"
"skeleton","Squamous part of temporal bone.i","Squamous part of temporal bone.j.006","No canonical Phase 7 rule; requires anatomy review"
"skeleton","Sternocleidomastoid muscle.el","Sternocleidomastoid muscle.e.006","No canonical Phase 7 rule; requires anatomy review"
"skeleton","Styloid process of temporal bone.i","Styloid process of temporal bone.j.006","No canonical Phase 7 rule; requires anatomy review"
"skeleton","Tegmen tympani.i","Tegmen tympani.j.006","No canonical Phase 7 rule; requires anatomy review"
"skeleton","Temporalis muscle.o4l","Temporalis muscle.o4.006","No canonical Phase 7 rule; requires anatomy review"
"skeleton","Tympanic part of temporal bone.i","Tympanic part of temporal bone.j.006","No canonical Phase 7 rule; requires anatomy review"
"skeleton","Temporal bone.r","Temporal bone.003","No canonical Phase 7 rule; requires anatomy review"
"skeleton","Anterior surface of petrous part.j","Anterior surface of petrous part.j.005","No canonical Phase 7 rule; requires anatomy review"
"skeleton","Apex of petrous part.j","Apex of petrous part.j.005","No canonical Phase 7 rule; requires anatomy review"
"skeleton","Arcuate eminence.j","Arcuate eminence.j.005","No canonical Phase 7 rule; requires anatomy review"
"skeleton","Masseter.o1r","Masseter.o1.005","No canonical Phase 7 rule; requires anatomy review"
"skeleton","Mastoid notch.j","Mastoid notch.j.005","No canonical Phase 7 rule; requires anatomy review"
"skeleton","Mastoid process.j","Mastoid process.j.005","No canonical Phase 7 rule; requires anatomy review"
"skeleton","Occipital margin of temporal bone.j","Occipital margin of temporal bone.j.005","No canonical Phase 7 rule; requires anatomy review"
"skeleton","Petrous part of temporal bone.j","Petrous part of temporal bone.j.005","No canonical Phase 7 rule; requires anatomy review"
"skeleton","Posterior surface of petrous part.j","Posterior surface of petrous part.j.005","No canonical Phase 7 rule; requires anatomy review"
"skeleton","Squamous part of temporal bone.j","Squamous part of temporal bone.j.005","No canonical Phase 7 rule; requires anatomy review"
"skeleton","Sternocleidomastoid muscle.er","Sternocleidomastoid muscle.e.005","No canonical Phase 7 rule; requires anatomy review"
"skeleton","Styloid process of temporal bone.j","Styloid process of temporal bone.j.005","No canonical Phase 7 rule; requires anatomy review"
"skeleton","Tegmen tympani.j","Tegmen tympani.j.005","No canonical Phase 7 rule; requires anatomy review"
"skeleton","Temporalis muscle.o4r","Temporalis muscle.o4.005","No canonical Phase 7 rule; requires anatomy review"
"skeleton","Tympanic part of temporal bone.j","Tympanic part of temporal bone.j.005","No canonical Phase 7 rule; requires anatomy review"
"skeleton","Vomer","Vomer.003","No canonical Phase 7 rule; requires anatomy review"
"skeleton","Zygomatic bone.l","Zygomatic bone.003","No canonical Phase 7 rule; requires anatomy review"
"skeleton","Masseter.ol","Masseter.o.006","No canonical Phase 7 rule; requires anatomy review"
"skeleton","Zygomaticus major muscle.ol","Zygomaticus major muscle.o.006","No canonical Phase 7 rule; requires anatomy review"
"skeleton","Zygomaticus minor muscle.ol","Zygomaticus minor muscle.o.006","No canonical Phase 7 rule; requires anatomy review"
"skeleton","Zygomatic bone.r","Zygomatic bone.003","No canonical Phase 7 rule; requires anatomy review"
"skeleton","Masseter.or","Masseter.o.005","No canonical Phase 7 rule; requires anatomy review"
"skeleton","Zygomaticus major muscle.or","Zygomaticus major muscle.o.005","No canonical Phase 7 rule; requires anatomy review"
"skeleton","Zygomaticus minor muscle.or","Zygomaticus minor muscle.o.005","No canonical Phase 7 rule; requires anatomy review"
"skeleton","Cranium.j","Cranium.j.003","No canonical Phase 7 rule; requires anatomy review"
"skeleton","Extracranial bones of head.j","Extracranial bones of head.j.003","No canonical Phase 7 rule; requires anatomy review"
"skeleton","Hyoid bone","Hyoid bone.003","No canonical Phase 7 rule; requires anatomy review"
"skeleton","Body of hyoid bone.j","Body of hyoid bone.j.003","No canonical Phase 7 rule; requires anatomy review"
"skeleton","Geniohyoid muscle.el","Geniohyoid muscle.e.006","No canonical Phase 7 rule; requires anatomy review"
"skeleton","Geniohyoid muscle.er","Geniohyoid muscle.e.005","No canonical Phase 7 rule; requires anatomy review"
"skeleton","Greater horn of hyoid bone.j","Greater horn of hyoid bone.j.003","No canonical Phase 7 rule; requires anatomy review"
"skeleton","Lesser horn of hyoid bone.j","Lesser horn of hyoid bone.j.003","No canonical Phase 7 rule; requires anatomy review"
"skeleton","Omohyoid muscle.el","Omohyoid muscle.e.006","No canonical Phase 7 rule; requires anatomy review"
"skeleton","Omohyoid muscle.er","Omohyoid muscle.e.005","No canonical Phase 7 rule; requires anatomy review"
"skeleton","Sternohyoid muscle.el","Sternohyoid muscle.e.006","No canonical Phase 7 rule; requires anatomy review"
"skeleton","Sternohyoid muscle.er","Sternohyoid muscle.e.005","No canonical Phase 7 rule; requires anatomy review"
"skeleton","Thyrohyoid muscle.ol","Thyrohyoid muscle.o.006","No canonical Phase 7 rule; requires anatomy review"
"skeleton","Thyrohyoid muscle.or","Thyrohyoid muscle.o.005","No canonical Phase 7 rule; requires anatomy review"
"skeleton","Mandible","Mandible.003","No canonical Phase 7 rule; requires anatomy review"
"skeleton","(Mandibular symphysis).j","(Mandibular symphysis).j.003","No canonical Phase 7 rule; requires anatomy review"
"skeleton","Anterior belly of digastric muscle.el","Anterior belly of digastric muscle.e.006","No canonical Phase 7 rule; requires anatomy review"
"skeleton","Anterior belly of digastric muscle.er","Anterior belly of digastric muscle.e.005","No canonical Phase 7 rule; requires anatomy review"
"skeleton","Base of mandible.j","Base of mandible.j.003","No canonical Phase 7 rule; requires anatomy review"
"skeleton","Body of mandible.j","Body of mandible.j.003","No canonical Phase 7 rule; requires anatomy review"
"skeleton","Bucinator.o1l","Bucinator.o1.006","No canonical Phase 7 rule; requires anatomy review"
"skeleton","Bucinator.o1r","Bucinator.o1.005","No canonical Phase 7 rule; requires anatomy review"
"skeleton","Depressor anguli oris.ol","Depressor anguli oris.o.006","No canonical Phase 7 rule; requires anatomy review"
"skeleton","Depressor anguli oris.or","Depressor anguli oris.o.005","No canonical Phase 7 rule; requires anatomy review"
"skeleton","Depressor labii inferioris.ol","Depressor labii inferioris.o.006","No canonical Phase 7 rule; requires anatomy review"
"skeleton","Depressor labii inferioris.or","Depressor labii inferioris.o.005","No canonical Phase 7 rule; requires anatomy review"
"skeleton","Digastric fossa.j","Digastric fossa.j.003","No canonical Phase 7 rule; requires anatomy review"
"skeleton","Geniohyoid muscle.ol","Geniohyoid muscle.o.006","No canonical Phase 7 rule; requires anatomy review"
"skeleton","Geniohyoid muscle.or","Geniohyoid muscle.o.005","No canonical Phase 7 rule; requires anatomy review"
"skeleton","Genion.j","Genion.j.003","No canonical Phase 7 rule; requires anatomy review"
"skeleton","Gnathion.j","Gnathion.j.003","No canonical Phase 7 rule; requires anatomy review"
"skeleton","Inferior mental spine.j","Inferior mental spine.j.003","No canonical Phase 7 rule; requires anatomy review"
"skeleton","Mandibular dental arch.j","Mandibular dental arch.j.003","No canonical Phase 7 rule; requires anatomy review"
"skeleton","Masseter.el","Masseter.e.006","No canonical Phase 7 rule; requires anatomy review"
"skeleton","Masseter.er","Masseter.e.005","No canonical Phase 7 rule; requires anatomy review"
"skeleton","Medial pterygoid muscle.el","Medial pterygoid muscle.e.006","No canonical Phase 7 rule; requires anatomy review"
"skeleton","Medial pterygoid muscle.er","Medial pterygoid muscle.e.005","No canonical Phase 7 rule; requires anatomy review"
"skeleton","Mental foramen.j","Mental foramen.j.003","No canonical Phase 7 rule; requires anatomy review"
"skeleton","Mental protuberance.j","Mental protuberance.j.003","No canonical Phase 7 rule; requires anatomy review"
"skeleton","Mental tubercle.j","Mental tubercle.j.003","No canonical Phase 7 rule; requires anatomy review"
"skeleton","Mentalis muscle.ol","Mentalis muscle.o.006","No canonical Phase 7 rule; requires anatomy review"
"skeleton","Mentalis muscle.or","Mentalis muscle.o.005","No canonical Phase 7 rule; requires anatomy review"
"skeleton","Mylohyoid line.j","Mylohyoid line.j.003","No canonical Phase 7 rule; requires anatomy review"
"skeleton","Mylohyoid muscle.ol","Mylohyoid muscle.o.006","No canonical Phase 7 rule; requires anatomy review"
"skeleton","Mylohyoid muscle.or","Mylohyoid muscle.o.005","No canonical Phase 7 rule; requires anatomy review"
"skeleton","Oblique line of mandible.j","Oblique line of mandible.j.003","No canonical Phase 7 rule; requires anatomy review"
"skeleton","Orbicularis oris muscle.ol","Orbicularis oris muscle.o.006","No canonical Phase 7 rule; requires anatomy review"
"skeleton","Orbicularis oris muscle.or","Orbicularis oris muscle.o.005","No canonical Phase 7 rule; requires anatomy review"
"skeleton","Sublingual fossa.j","Sublingual fossa.j.003","No canonical Phase 7 rule; requires anatomy review"
"skeleton","Superior mental spine.j","Superior mental spine.j.003","No canonical Phase 7 rule; requires anatomy review"
"skeleton","Temporalis muscle.el","Temporalis muscle.e.006","No canonical Phase 7 rule; requires anatomy review"
"skeleton","Temporalis muscle.er","Temporalis muscle.e.005","No canonical Phase 7 rule; requires anatomy review"
"skeleton","Arytenoid cartilage.l","Arytenoid cartilage.006","No canonical Phase 7 rule; requires anatomy review"
"skeleton","Anterolateral surface of arytenoid cartilage.i","Anterolateral surface of arytenoid cartilage.j.006","No canonical Phase 7 rule; requires anatomy review"
"skeleton","Apex of arytenoid cartilage.i","Apex of arytenoid cartilage.j.006","No canonical Phase 7 rule; requires anatomy review"
"skeleton","Arcuate crest.i","Arcuate crest.j.006","No canonical Phase 7 rule; requires anatomy review"
"skeleton","Articular surface of arytenoid cartilage.i","Articular surface of arytenoid cartilage.j.006","No canonical Phase 7 rule; requires anatomy review"
"skeleton","Base of arytenoid cartilage.i","Base of arytenoid cartilage.j.006","No canonical Phase 7 rule; requires anatomy review"
"skeleton","Colliculus of arytenoid cartilage.i","Colliculus of arytenoid cartilage.j.006","No canonical Phase 7 rule; requires anatomy review"
"skeleton","Medial surface of arytenoid cartilage.i","Medial surface of arytenoid cartilage.j.006","No canonical Phase 7 rule; requires anatomy review"
"skeleton","Muscular process.i","Muscular process.j.006","No canonical Phase 7 rule; requires anatomy review"
"skeleton","Oblong fovea.i","Oblong fovea.j.006","No canonical Phase 7 rule; requires anatomy review"
"skeleton","Posterior surface of arytenoid cartilage.i","Posterior surface of arytenoid cartilage.j.006","No canonical Phase 7 rule; requires anatomy review"
"skeleton","Triangular fovea.i","Triangular fovea.j.006","No canonical Phase 7 rule; requires anatomy review"
"skeleton","Arytenoid cartilage.r","Arytenoid cartilage.005","No canonical Phase 7 rule; requires anatomy review"
"skeleton","Anterolateral surface of arytenoid cartilage.j","Anterolateral surface of arytenoid cartilage.j.005","No canonical Phase 7 rule; requires anatomy review"
"skeleton","Apex of arytenoid cartilage.j","Apex of arytenoid cartilage.j.005","No canonical Phase 7 rule; requires anatomy review"
"skeleton","Arcuate crest.j","Arcuate crest.j.005","No canonical Phase 7 rule; requires anatomy review"
"skeleton","Articular surface of arytenoid cartilage.j","Articular surface of arytenoid cartilage.j.005","No canonical Phase 7 rule; requires anatomy review"
"skeleton","Base of arytenoid cartilage.j","Base of arytenoid cartilage.j.005","No canonical Phase 7 rule; requires anatomy review"
"skeleton","Colliculus of arytenoid cartilage.j","Colliculus of arytenoid cartilage.j.005","No canonical Phase 7 rule; requires anatomy review"
"skeleton","Medial surface of arytenoid cartilage.j","Medial surface of arytenoid cartilage.j.005","No canonical Phase 7 rule; requires anatomy review"
"skeleton","Muscular process.j","Muscular process.j.005","No canonical Phase 7 rule; requires anatomy review"
"skeleton","Oblong fovea.j","Oblong fovea.j.005","No canonical Phase 7 rule; requires anatomy review"
"skeleton","Posterior surface of arytenoid cartilage.j","Posterior surface of arytenoid cartilage.j.005","No canonical Phase 7 rule; requires anatomy review"
"skeleton","Triangular fovea.j","Triangular fovea.j.005","No canonical Phase 7 rule; requires anatomy review"
"skeleton","Vocal process.j","Vocal process.j.003","No canonical Phase 7 rule; requires anatomy review"
"skeleton","Corniculate cartilage.l","Corniculate cartilage.r.003","No canonical Phase 7 rule; requires anatomy review"
"skeleton","Corniculate cartilage.r","Corniculate cartilage.r.003","No canonical Phase 7 rule; requires anatomy review"
"skeleton","Cricoid cartilage","Cricoid cartilage.003","No canonical Phase 7 rule; requires anatomy review"
"skeleton","Arch of cricoid cartilage.j","Arch of cricoid cartilage.j.003","No canonical Phase 7 rule; requires anatomy review"
"skeleton","Arytenoid articular surface.j","Arytenoid articular surface.j.003","No canonical Phase 7 rule; requires anatomy review"
"skeleton","Lamina of cricoid cartilage.j","Lamina of cricoid cartilage.j.003","No canonical Phase 7 rule; requires anatomy review"
"skeleton","Thyroid articular surface.j","Thyroid articular surface.j.003","No canonical Phase 7 rule; requires anatomy review"
"skeleton","Laryngeal cartilages.j","Laryngeal cartilages.j.003","No canonical Phase 7 rule; requires anatomy review"
"skeleton","Thyroid cartilage","Thyroid cartilage.003","No canonical Phase 7 rule; requires anatomy review"
"skeleton","Inferior horn of thyroid cartilage.j","Inferior horn of thyroid cartilage.j.003","No canonical Phase 7 rule; requires anatomy review"
"skeleton","Inferior thyroid notch.j","Inferior thyroid notch.j.003","No canonical Phase 7 rule; requires anatomy review"
"skeleton","Inferior thyroid tubercle.j","Inferior thyroid tubercle.j.003","No canonical Phase 7 rule; requires anatomy review"
"skeleton","Lamina of thyroid cartilage.j","Lamina of thyroid cartilage.j.003","No canonical Phase 7 rule; requires anatomy review"
"skeleton","Laryngeal prominence.j","Laryngeal prominence.j.003","No canonical Phase 7 rule; requires anatomy review"
"skeleton","Oblique line of thyroid cartilage.j","Oblique line of thyroid cartilage.j.003","No canonical Phase 7 rule; requires anatomy review"
"skeleton","Superior horn of thyroid cartilage.j","Superior horn of thyroid cartilage.j.003","No canonical Phase 7 rule; requires anatomy review"
"skeleton","Superior thyroid notch.j","Superior thyroid notch.j.003","No canonical Phase 7 rule; requires anatomy review"
"skeleton","Superior thyroid tubercle.j","Superior thyroid tubercle.j.003","No canonical Phase 7 rule; requires anatomy review"
"skeleton","Thyrohyoid muscle.el","Thyrohyoid muscle.e.006","No canonical Phase 7 rule; requires anatomy review"
"skeleton","Thyrohyoid muscle.er","Thyrohyoid muscle.e.005","No canonical Phase 7 rule; requires anatomy review"
"skeleton","Lateral process of nasal septal cartilage.l","Lateral process of nasal septal cartilage.003","No canonical Phase 7 rule; requires anatomy review"
"skeleton","Lateral process of nasal septal cartilage.r","Lateral process of nasal septal cartilage.003","No canonical Phase 7 rule; requires anatomy review"
"skeleton","Major alar cartilage.l","Major alar cartilage.003","No canonical Phase 7 rule; requires anatomy review"
"skeleton","Major alar cartilage.r","Major alar cartilage.003","No canonical Phase 7 rule; requires anatomy review"
"skeleton","Nasal cartilages.j","Nasal cartilages.j.003","No canonical Phase 7 rule; requires anatomy review"
"skeleton","Nasal septal cartilage","Nasal septal cartilage.003","No canonical Phase 7 rule; requires anatomy review"
"skeleton","Lower canine.l","Lower canine.003","No canonical Phase 7 rule; requires anatomy review"
"skeleton","Lower canine.r","Lower canine.003","No canonical Phase 7 rule; requires anatomy review"
"skeleton","Lower lateral incisor.l","Lower lateral incisor.003","No canonical Phase 7 rule; requires anatomy review"
"skeleton","Lower lateral incisor.r","Lower lateral incisor.003","No canonical Phase 7 rule; requires anatomy review"
"skeleton","Lower medial incisor.l","Lower medial incisor.003","No canonical Phase 7 rule; requires anatomy review"
"skeleton","Lower medial incisor.r","Lower medial incisor.003","No canonical Phase 7 rule; requires anatomy review"
"skeleton","Upper canine.l","Upper canine.003","No canonical Phase 7 rule; requires anatomy review"
"skeleton","Upper canine.r","Upper canine.003","No canonical Phase 7 rule; requires anatomy review"
"skeleton","Upper lateral incisor.l","Upper lateral incisor.003","No canonical Phase 7 rule; requires anatomy review"
"skeleton","Upper lateral incisor.r","Upper lateral incisor.003","No canonical Phase 7 rule; requires anatomy review"
"skeleton","Upper medial incisor.l","Upper medial incisor.003","No canonical Phase 7 rule; requires anatomy review"
"skeleton","Upper medial incisor.r","Upper medial incisor.003","No canonical Phase 7 rule; requires anatomy review"
"skeleton","Lower first molar tooth.l","Lower first molar tooth.003","No canonical Phase 7 rule; requires anatomy review"
"skeleton","Crown of tooth.i","Crown of tooth.j.006","No canonical Phase 7 rule; requires anatomy review"
"skeleton","Cusp of tooth.i","Cusp of tooth.j.006","No canonical Phase 7 rule; requires anatomy review"
"skeleton","Distal surface of tooth.i","Distal surface of tooth.j.006","No canonical Phase 7 rule; requires anatomy review"
"skeleton","Lingual surface of tooth.i","Lingual surface of tooth.j.006","No canonical Phase 7 rule; requires anatomy review"
"skeleton","Mesial surface of tooth.i","Mesial surface of tooth.j.006","No canonical Phase 7 rule; requires anatomy review"
"skeleton","Neck of tooth.i","Neck of tooth.j.006","No canonical Phase 7 rule; requires anatomy review"
"skeleton","Occlusal surface of tooth.i","Occlusal surface of tooth.j.006","No canonical Phase 7 rule; requires anatomy review"
"skeleton","Root of tooth.i","Root of tooth.j.006","No canonical Phase 7 rule; requires anatomy review"
"skeleton","Vestibular surface of tooth.i","Vestibular surface of tooth.j.006","No canonical Phase 7 rule; requires anatomy review"
"skeleton","Lower first molar tooth.r","Lower first molar tooth.003","No canonical Phase 7 rule; requires anatomy review"
"skeleton","Crown of tooth.j","Crown of tooth.j.005","No canonical Phase 7 rule; requires anatomy review"
"skeleton","Cusp of tooth.j","Cusp of tooth.j.005","No canonical Phase 7 rule; requires anatomy review"
"skeleton","Distal surface of tooth.j","Distal surface of tooth.j.005","No canonical Phase 7 rule; requires anatomy review"
"skeleton","Lingual surface of tooth.j","Lingual surface of tooth.j.005","No canonical Phase 7 rule; requires anatomy review"
"skeleton","Mesial surface of tooth.j","Mesial surface of tooth.j.005","No canonical Phase 7 rule; requires anatomy review"
"skeleton","Neck of tooth.j","Neck of tooth.j.005","No canonical Phase 7 rule; requires anatomy review"
"skeleton","Occlusal surface of tooth.j","Occlusal surface of tooth.j.005","No canonical Phase 7 rule; requires anatomy review"
"skeleton","Root apex.i","Root apex.j.006","No canonical Phase 7 rule; requires anatomy review"
"skeleton","Root apex.j","Root apex.j.005","No canonical Phase 7 rule; requires anatomy review"
"skeleton","Root of tooth.j","Root of tooth.j.005","No canonical Phase 7 rule; requires anatomy review"
"skeleton","Vestibular surface of tooth.j","Vestibular surface of tooth.j.005","No canonical Phase 7 rule; requires anatomy review"
"skeleton","Lower first premolar.l","Lower first premolar.003","No canonical Phase 7 rule; requires anatomy review"
"skeleton","Lower first premolar.r","Lower first premolar.003","No canonical Phase 7 rule; requires anatomy review"
"skeleton","Lower second molar tooth.l","Lower second molar tooth.003","No canonical Phase 7 rule; requires anatomy review"
"skeleton","Lower second molar tooth.r","Lower second molar tooth.003","No canonical Phase 7 rule; requires anatomy review"
"skeleton","Lower second premolar.l","Lower second premolar.003","No canonical Phase 7 rule; requires anatomy review"
"skeleton","Lower second premolar.r","Lower second premolar.003","No canonical Phase 7 rule; requires anatomy review"
"skeleton","Upper first molar tooth.l","Upper first molar tooth.003","No canonical Phase 7 rule; requires anatomy review"
"skeleton","Upper first molar tooth.r","Upper first molar tooth.003","No canonical Phase 7 rule; requires anatomy review"
"skeleton","Upper first premolar.l","Upper first premolar.003","No canonical Phase 7 rule; requires anatomy review"
"skeleton","Upper first premolar.r","Upper first premolar.003","No canonical Phase 7 rule; requires anatomy review"
"skeleton","Upper second molar tooth.l","Upper second molar tooth.003","No canonical Phase 7 rule; requires anatomy review"
"skeleton","Upper second molar tooth.r","Upper second molar tooth.003","No canonical Phase 7 rule; requires anatomy review"
"skeleton","Upper second premolar.l","Upper second premolar.003","No canonical Phase 7 rule; requires anatomy review"
"skeleton","Upper second premolar.r","Upper second premolar.003","No canonical Phase 7 rule; requires anatomy review"
"skeleton","Teeth.j","Teeth.j.003","No canonical Phase 7 rule; requires anatomy review"
"skeleton","Bones of thorax.j","Bones of thorax.j.003","No canonical Phase 7 rule; requires anatomy review"
"skeleton","Eighth rib.l","Eighth rib.003","No canonical Phase 7 rule; requires anatomy review"
"skeleton","External abdominal oblique muscle.o3l","External abdominal oblique muscle.o3.006","No canonical Phase 7 rule; requires anatomy review"
"skeleton","Levatores longi costarum.e6l","Levatores longi costarum.e6.006","No canonical Phase 7 rule; requires anatomy review"
"skeleton","Longissimus thoracis muscle.e10l","Longissimus thoracis muscle.e10.006","No canonical Phase 7 rule; requires anatomy review"
"skeleton","Serratus anterior muscle.e7l","Serratus anterior muscle.e7.006","No canonical Phase 7 rule; requires anatomy review"
"skeleton","Eighth rib.r","Eighth rib.003","No canonical Phase 7 rule; requires anatomy review"
"skeleton","External abdominal oblique muscle.o3r","External abdominal oblique muscle.o3.005","No canonical Phase 7 rule; requires anatomy review"
"skeleton","Levatores longi costarum.e6r","Levatores longi costarum.e6.005","No canonical Phase 7 rule; requires anatomy review"
"skeleton","Longissimus thoracis muscle.e10r","Longissimus thoracis muscle.e10.005","No canonical Phase 7 rule; requires anatomy review"
"skeleton","Serratus anterior muscle.e7r","Serratus anterior muscle.e7.005","No canonical Phase 7 rule; requires anatomy review"
"skeleton","False ribs.j","False ribs.j.003","No canonical Phase 7 rule; requires anatomy review"
"skeleton","Eleventh rib.l","Eleventh rib.003","No canonical Phase 7 rule; requires anatomy review"
"skeleton","Diaphragm.o5l","Diaphragm.o5.006","No canonical Phase 7 rule; requires anatomy review"
"skeleton","Internal abdominal oblique muscle.o4l","Internal abdominal oblique muscle.o4.006","No canonical Phase 7 rule; requires anatomy review"
"skeleton","Levatores longi costarum.e9l","Levatores longi costarum.e9.006","No canonical Phase 7 rule; requires anatomy review"
"skeleton","Longissimus thoracis muscle.e4l","Longissimus thoracis muscle.e4.006","No canonical Phase 7 rule; requires anatomy review"
"skeleton","Eleventh rib.r","Eleventh rib.003","No canonical Phase 7 rule; requires anatomy review"
"skeleton","Diaphragm.o5r","Diaphragm.o5.005","No canonical Phase 7 rule; requires anatomy review"
"skeleton","Internal abdominal oblique muscle.o4r","Internal abdominal oblique muscle.o4.005","No canonical Phase 7 rule; requires anatomy review"
"skeleton","Levatores longi costarum.e9r","Levatores longi costarum.e9.005","No canonical Phase 7 rule; requires anatomy review"
"skeleton","Longissimus thoracis muscle.e4r","Longissimus thoracis muscle.e4.005","No canonical Phase 7 rule; requires anatomy review"
"skeleton","Serratus posterior inferior muscle.e2l","Serratus posterior inferior muscle.e2.003","No canonical Phase 7 rule; requires anatomy review"
"skeleton","Floating ribs.j","Floating ribs.j.003","No canonical Phase 7 rule; requires anatomy review"
"skeleton","Twelfth rib.l","Twelfth rib.003","No canonical Phase 7 rule; requires anatomy review"
"skeleton","Diaphragm.o4l","Diaphragm.o4.006","No canonical Phase 7 rule; requires anatomy review"
"skeleton","Internal abdominal oblique muscle.ol","Internal abdominal oblique muscle.o.006","No canonical Phase 7 rule; requires anatomy review"
"skeleton","Levatores longi costarum.e10l","Levatores longi costarum.e10.006","No canonical Phase 7 rule; requires anatomy review"
"skeleton","Longissimus thoracis muscle.e26l","Longissimus thoracis muscle.e26.006","No canonical Phase 7 rule; requires anatomy review"
"skeleton","Twelfth rib.r","Twelfth rib.003","No canonical Phase 7 rule; requires anatomy review"
"skeleton","Diaphragm.o4r","Diaphragm.o4.005","No canonical Phase 7 rule; requires anatomy review"
"skeleton","Internal abdominal oblique muscle.or","Internal abdominal oblique muscle.o.005","No canonical Phase 7 rule; requires anatomy review"
"skeleton","Levatores longi costarum.e10r","Levatores longi costarum.e10.005","No canonical Phase 7 rule; requires anatomy review"
"skeleton","Longissimus thoracis muscle.e26r","Longissimus thoracis muscle.e26.005","No canonical Phase 7 rule; requires anatomy review"
"skeleton","Serratus posterior inferior muscle.e3l","Serratus posterior inferior muscle.e3.003","No canonical Phase 7 rule; requires anatomy review"
"skeleton","Ninth rib.l","Ninth rib.003","No canonical Phase 7 rule; requires anatomy review"
"skeleton","Levatores longi costarum.e7l","Levatores longi costarum.e7.006","No canonical Phase 7 rule; requires anatomy review"
"skeleton","Longissimus thoracis muscle.e8l","Longissimus thoracis muscle.e8.006","No canonical Phase 7 rule; requires anatomy review"
"skeleton","Ninth rib.r","Ninth rib.003","No canonical Phase 7 rule; requires anatomy review"
"skeleton","Levatores longi costarum.e7r","Levatores longi costarum.e7.005","No canonical Phase 7 rule; requires anatomy review"
"skeleton","Longissimus thoracis muscle.e8r","Longissimus thoracis muscle.e8.005","No canonical Phase 7 rule; requires anatomy review"
"skeleton","Serratus anterior muscle.e8l","Serratus anterior muscle.e8.003","No canonical Phase 7 rule; requires anatomy review"
"skeleton","Serratus posterior inferior muscle.el","Serratus posterior inferior muscle.e.003","No canonical Phase 7 rule; requires anatomy review"
"skeleton","Tenth rib.l","Tenth rib.003","No canonical Phase 7 rule; requires anatomy review"
"skeleton","Internal abdominal oblique muscle.o2l","Internal abdominal oblique muscle.o2.006","No canonical Phase 7 rule; requires anatomy review"
"skeleton","Levatores longi costarum.e8l","Levatores longi costarum.e8.006","No canonical Phase 7 rule; requires anatomy review"
"skeleton","Longissimus thoracis muscle.e6l","Longissimus thoracis muscle.e6.006","No canonical Phase 7 rule; requires anatomy review"
"skeleton","Tenth rib.r","Tenth rib.003","No canonical Phase 7 rule; requires anatomy review"
"skeleton","Internal abdominal oblique muscle.o2r","Internal abdominal oblique muscle.o2.005","No canonical Phase 7 rule; requires anatomy review"
"skeleton","Levatores longi costarum.e8r","Levatores longi costarum.e8.005","No canonical Phase 7 rule; requires anatomy review"
"skeleton","Longissimus thoracis muscle.e6r","Longissimus thoracis muscle.e6.005","No canonical Phase 7 rule; requires anatomy review"
"skeleton","Serratus posterior inferior muscle.e1l","Serratus posterior inferior.e1.003","No canonical Phase 7 rule; requires anatomy review"
"skeleton","Ribs.j","Ribs.j.003","No canonical Phase 7 rule; requires anatomy review"
"skeleton","Fifth rib.l","Fifth rib.003","No canonical Phase 7 rule; requires anatomy review"
"skeleton","External abdominal oblique muscle.ol","External abdominal oblique muscle.o.006","No canonical Phase 7 rule; requires anatomy review"
"skeleton","Levatores longi costarum.e3l","Levatores longi costarum.e3.006","No canonical Phase 7 rule; requires anatomy review"
"skeleton","Longissimus thoracis muscle.e16l","Longissimus thoracis muscle.e16.006","No canonical Phase 7 rule; requires anatomy review"
"skeleton","Pectoralis minor muscle.e2l","Pectoralis minor muscle.e2.006","No canonical Phase 7 rule; requires anatomy review"
"skeleton","Serratus anterior muscle.e4l","Serratus anterior muscle.e4.006","No canonical Phase 7 rule; requires anatomy review"
"skeleton","Fifth rib.r","Fifth rib.003","No canonical Phase 7 rule; requires anatomy review"
"skeleton","External abdominal oblique muscle.or","External abdominal oblique muscle.o.005","No canonical Phase 7 rule; requires anatomy review"
"skeleton","Levatores longi costarum.e3r","Levatores longi costarum.e3.005","No canonical Phase 7 rule; requires anatomy review"
"skeleton","Longissimus thoracis muscle.e16r","Longissimus thoracis muscle.e16.005","No canonical Phase 7 rule; requires anatomy review"
"skeleton","Pectoralis minor muscle.e2r","Pectoralis minor muscle.e2.005","No canonical Phase 7 rule; requires anatomy review"
"skeleton","Serratus anterior muscle.e4r","Serratus anterior muscle.e4.005","No canonical Phase 7 rule; requires anatomy review"
"skeleton","Serratus posterior superior muscle.e3l","Serratus posterior superior muscle.e3.003","No canonical Phase 7 rule; requires anatomy review"
"skeleton","First rib.l","First rib.003","No canonical Phase 7 rule; requires anatomy review"
"skeleton","Longissimus thoracis muscle.e24l","Longissimus thoracis muscle.e24.006","No canonical Phase 7 rule; requires anatomy review"
"skeleton","Scalenus anterior muscle.ol","Scalenus anterior muscle.o.006","No canonical Phase 7 rule; requires anatomy review"
"skeleton","Scalenus medius muscle.ol","Scalenus medius muscle.o.006","No canonical Phase 7 rule; requires anatomy review"
"skeleton","Serratus anterior muscle.el","Serratus anterior muscle.e.006","No canonical Phase 7 rule; requires anatomy review"
"skeleton","First rib.r","First rib.003","No canonical Phase 7 rule; requires anatomy review"
"skeleton","Longissimus thoracis muscle.e24r","Longissimus thoracis muscle.e24.005","No canonical Phase 7 rule; requires anatomy review"
"skeleton","Scalenus anterior muscle.or","Scalenus anterior muscle.o.005","No canonical Phase 7 rule; requires anatomy review"
"skeleton","Scalenus medius muscle.or","Scalenus medius muscle.o.005","No canonical Phase 7 rule; requires anatomy review"
"skeleton","Serratus anterior muscle.er","Serratus anterior muscle.e.005","No canonical Phase 7 rule; requires anatomy review"
"skeleton","Fourth rib.l","Fourth rib.003","No canonical Phase 7 rule; requires anatomy review"
"skeleton","Levatores longi costarum.e2l","Levatores longi costarum.e2.006","No canonical Phase 7 rule; requires anatomy review"
"skeleton","Longissimus thoracis muscle.e18l","Longissimus thoracis muscle.e18.006","No canonical Phase 7 rule; requires anatomy review"
"skeleton","Pectoralis minor muscle.e1l","Pectoralis minor muscle.e1.006","No canonical Phase 7 rule; requires anatomy review"
"skeleton","Serratus anterior muscle.e3l","Serratus anterior muscle.e3.006","No canonical Phase 7 rule; requires anatomy review"
"skeleton","Fourth rib.r","Fourth rib.003","No canonical Phase 7 rule; requires anatomy review"
"skeleton","Levatores longi costarum.e2r","Levatores longi costarum.e2.005","No canonical Phase 7 rule; requires anatomy review"
"skeleton","Longissimus thoracis muscle.e18r","Longissimus thoracis muscle.e18.005","No canonical Phase 7 rule; requires anatomy review"
"skeleton","Pectoralis minor muscle.e1r","Pectoralis minor muscle.e1.005","No canonical Phase 7 rule; requires anatomy review"
"skeleton","Serratus anterior muscle.e3r","Serratus anterior muscle.e3.005","No canonical Phase 7 rule; requires anatomy review"
"skeleton","Serratus posterior superior muscle.e2l","Serratus posterior superior muscle.e2.003","No canonical Phase 7 rule; requires anatomy review"
"skeleton","Second rib.l","Second rib.003","No canonical Phase 7 rule; requires anatomy review"
"skeleton","Levatores longi costarum.el","Levatores longi costarum.e.006","No canonical Phase 7 rule; requires anatomy review"
"skeleton","Longissimus thoracis muscle.e22l","Longissimus thoracis muscle.e22.006","No canonical Phase 7 rule; requires anatomy review"
"skeleton","Second rib.r","Second rib.003","No canonical Phase 7 rule; requires anatomy review"
"skeleton","Levatores longi costarum.er","Levatores longi costarum.e.005","No canonical Phase 7 rule; requires anatomy review"
"skeleton","Longissimus thoracis muscle.e22r","Longissimus thoracis muscle.e22.005","No canonical Phase 7 rule; requires anatomy review"
"skeleton","Serratus anterior muscle.e1l","Serratus anterior muscle.e1.003","No canonical Phase 7 rule; requires anatomy review"
"skeleton","Serratus posterior superior muscle.el","Serratus posterior superior muscle.e.003","No canonical Phase 7 rule; requires anatomy review"
"skeleton","Seventh rib.l","Seventh rib.003","No canonical Phase 7 rule; requires anatomy review"
"skeleton","External abdominal oblique muscle.o2l","External abdominal oblique muscle.o2.006","No canonical Phase 7 rule; requires anatomy review"
"skeleton","Levatores longi costarum.e5l","Levatores longi costarum.e5.006","No canonical Phase 7 rule; requires anatomy review"
"skeleton","Longissimus thoracis muscle.e12l","Longissimus thoracis muscle.e12.006","No canonical Phase 7 rule; requires anatomy review"
"skeleton","Serratus anterior muscle.e6l","Serratus anterior muscle.e6.006","No canonical Phase 7 rule; requires anatomy review"
"skeleton","Seventh rib.r","Seventh rib.003","No canonical Phase 7 rule; requires anatomy review"
"skeleton","External abdominal oblique muscle.o2r","External abdominal oblique muscle.o2.005","No canonical Phase 7 rule; requires anatomy review"
"skeleton","Levatores longi costarum.e5r","Levatores longi costarum.e5.005","No canonical Phase 7 rule; requires anatomy review"
"skeleton","Longissimus thoracis muscle.e12r","Longissimus thoracis muscle.e12.005","No canonical Phase 7 rule; requires anatomy review"
"skeleton","Serratus anterior muscle.e6r","Serratus anterior muscle.e6.005","No canonical Phase 7 rule; requires anatomy review"
"skeleton","Sixth rib.l","Sixth rib.003","No canonical Phase 7 rule; requires anatomy review"
"skeleton","Angle of rib.i","Angle of rib.j.006","No canonical Phase 7 rule; requires anatomy review"
"skeleton","Articular facet of tubercle of rib.i","Articular facet of tubercle of rib.j.006","No canonical Phase 7 rule; requires anatomy review"
"skeleton","Articular facets of head of rib.i","Articular facets of head of rib.j.006","No canonical Phase 7 rule; requires anatomy review"
"skeleton","Body of rib.i","Body of rib.j.006","No canonical Phase 7 rule; requires anatomy review"
"skeleton","Costal groove.i","Costal groove.j.006","No canonical Phase 7 rule; requires anatomy review"
"skeleton","Crest of head of rib.i","Crest of head of rib.j.006","No canonical Phase 7 rule; requires anatomy review"
"skeleton","Crest of neck of rib.i","Crest of neck of rib.j.006","No canonical Phase 7 rule; requires anatomy review"
"skeleton","External abdominal oblique muscle.o1l","External abdominal oblique muscle.o1.006","No canonical Phase 7 rule; requires anatomy review"
"skeleton","Head of rib.i","Head of rib.j.006","No canonical Phase 7 rule; requires anatomy review"
"skeleton","Levatores longi costarum.e4l","Levatores longi costarum.e4.006","No canonical Phase 7 rule; requires anatomy review"
"skeleton","Longissimus thoracis muscle.e14l","Longissimus thoracis muscle.e14.006","No canonical Phase 7 rule; requires anatomy review"
"skeleton","Neck of rib.i","Neck of rib.j.006","No canonical Phase 7 rule; requires anatomy review"
"skeleton","Rib.i","Rib.j.006","No canonical Phase 7 rule; requires anatomy review"
"skeleton","Serratus anterior muscle.e5l","Serratus anterior muscle.e5.006","No canonical Phase 7 rule; requires anatomy review"
"skeleton","Tubercle of rib.i","Tubercle of rib.j.006","No canonical Phase 7 rule; requires anatomy review"
"skeleton","Sixth rib.r","Sixth rib.003","No canonical Phase 7 rule; requires anatomy review"
"skeleton","Angle of rib.j","Angle of rib.j.005","No canonical Phase 7 rule; requires anatomy review"
"skeleton","Articular facet of tubercle of rib.j","Articular facet of tubercle of rib.j.005","No canonical Phase 7 rule; requires anatomy review"
"skeleton","Articular facets of head of rib.j","Articular facets of head of rib.j.005","No canonical Phase 7 rule; requires anatomy review"
"skeleton","Body of rib.j","Body of rib.j.005","No canonical Phase 7 rule; requires anatomy review"
"skeleton","Costal groove.j","Costal groove.j.005","No canonical Phase 7 rule; requires anatomy review"
"skeleton","Crest of head of rib.j","Crest of head of rib.j.005","No canonical Phase 7 rule; requires anatomy review"
"skeleton","Crest of neck of rib.j","Crest of neck of rib.j.005","No canonical Phase 7 rule; requires anatomy review"
"skeleton","External abdominal oblique muscle.o1r","External abdominal oblique muscle.o1.005","No canonical Phase 7 rule; requires anatomy review"
"skeleton","Head of rib.j","Head of rib.j.005","No canonical Phase 7 rule; requires anatomy review"
"skeleton","Levatores longi costarum.e4r","Levatores longi costarum.e4.005","No canonical Phase 7 rule; requires anatomy review"
"skeleton","Longissimus thoracis muscle.e14r","Longissimus thoracis muscle.e14.005","No canonical Phase 7 rule; requires anatomy review"
"skeleton","Neck of rib.j","Neck of rib.j.005","No canonical Phase 7 rule; requires anatomy review"
"skeleton","Rib.j","Rib.j.005","No canonical Phase 7 rule; requires anatomy review"
"skeleton","Serratus anterior muscle.e5r","Serratus anterior muscle.e5.005","No canonical Phase 7 rule; requires anatomy review"
"skeleton","Tubercle of rib.j","Tubercle of rib.j.005","No canonical Phase 7 rule; requires anatomy review"
"skeleton","Third rib.l","Third rib.003","No canonical Phase 7 rule; requires anatomy review"
"skeleton","Levatores longi costarum.e1l","Levatores longi costarum.e1.006","No canonical Phase 7 rule; requires anatomy review"
"skeleton","Longissimus thoracis muscle.e20l","Longissimus thoracis muscle.e20.006","No canonical Phase 7 rule; requires anatomy review"
"skeleton","Pectoralis minor muscle.el","Pectoralis minor muscle.e.006","No canonical Phase 7 rule; requires anatomy review"
"skeleton","Serratus anterior muscle.e2r","Serratus anterior muscle.e2.006","No canonical Phase 7 rule; requires anatomy review"
"skeleton","Third rib.r","Third rib.003","No canonical Phase 7 rule; requires anatomy review"
"skeleton","Levatores longi costarum.e1r","Levatores longi costarum.e1.005","No canonical Phase 7 rule; requires anatomy review"
"skeleton","Longissimus thoracis muscle.e20r","Longissimus thoracis muscle.e20.005","No canonical Phase 7 rule; requires anatomy review"
"skeleton","Pectoralis minor muscle.er","Pectoralis minor muscle.e.005","No canonical Phase 7 rule; requires anatomy review"
"skeleton","Serratus anterior muscle.e2l","Serratus anterior muscle.e2.005","No canonical Phase 7 rule; requires anatomy review"
"skeleton","Serratus posterior superior muscle.e1l","Serratus posterior superior muscle.e1.003","No canonical Phase 7 rule; requires anatomy review"
"skeleton","True ribs.j","True ribs.j.003","No canonical Phase 7 rule; requires anatomy review"
"skeleton","Body of sternum","Body of sternum.003","No canonical Phase 7 rule; requires anatomy review"
"skeleton","Costal notches.j","Costal notches.j.003","No canonical Phase 7 rule; requires anatomy review"
"skeleton","Sternal angle.j","Sternal angle.j.003","No canonical Phase 7 rule; requires anatomy review"
"skeleton","Sternocostal head of pectoralis major muscle.e1l","Sternocostal head of pectoralis major muscle.e1.006","No canonical Phase 7 rule; requires anatomy review"
"skeleton","Sternocostal head of pectoralis major muscle.e1r","Sternocostal head of pectoralis major muscle.e1.005","No canonical Phase 7 rule; requires anatomy review"
"skeleton","Transversus thoracis muscle.ol","Transversus thoracis muscle.o.006","No canonical Phase 7 rule; requires anatomy review"
"skeleton","Transversus thoracis muscle.or","Transversus thoracis muscle.o.005","No canonical Phase 7 rule; requires anatomy review"
"skeleton","Manubrium of sternum","Manubrium of sternum.003","No canonical Phase 7 rule; requires anatomy review"
"skeleton","Clavicular notch.j","Clavicular notch.j.003","No canonical Phase 7 rule; requires anatomy review"
"skeleton","Manubrium of sternum.j","Manubrium of sternum.j.003","No canonical Phase 7 rule; requires anatomy review"
"skeleton","Sternocleidomastoid muscle.ol","Sternocleidomastoid muscle.o.006","No canonical Phase 7 rule; requires anatomy review"
"skeleton","Sternocleidomastoid muscle.or","Sternocleidomastoid muscle.o.005","No canonical Phase 7 rule; requires anatomy review"
"skeleton","Sternocostal head of pectoralis major muscle.e2l","Sternocostal head of pectoralis major muscle.e2.006","No canonical Phase 7 rule; requires anatomy review"
"skeleton","Sternocostal head of pectoralis major muscle.e2r","Sternocostal head of pectoralis major muscle.e2.005","No canonical Phase 7 rule; requires anatomy review"
"skeleton","Sternum.j","Sternum.j.003","No canonical Phase 7 rule; requires anatomy review"
"skeleton","Xiphoid process","Xiphoid process.003","No canonical Phase 7 rule; requires anatomy review"
"skeleton","Transversus thoracis muscle.o1l","Transversus thoracis muscle.o1.006","No canonical Phase 7 rule; requires anatomy review"
"skeleton","Transversus thoracis muscle.o1r","Transversus thoracis muscle.o1.005","No canonical Phase 7 rule; requires anatomy review"
"skeleton","Xiphoid process.j","Xiphoid process.j.003","No canonical Phase 7 rule; requires anatomy review"
"skeleton","Costal arch.j","Costal arch.j.003","No canonical Phase 7 rule; requires anatomy review"
"skeleton","Costal cartilage of eighth rib.l","Costal cartilage of eighth rib.006","No canonical Phase 7 rule; requires anatomy review"
"skeleton","Costal cartilage of eighth rib.r","Costal cartilage of eighth rib.005","No canonical Phase 7 rule; requires anatomy review"
"skeleton","Costal cartilage of fifth rib.l","Costal cartilage of fifth rib.006","No canonical Phase 7 rule; requires anatomy review"
"skeleton","Costal cartilage of fifth rib.r","Costal cartilage of fifth rib.005","No canonical Phase 7 rule; requires anatomy review"
"skeleton","Rectus abdominis muscle.ol","Rectus abdominis muscle.o.006","No canonical Phase 7 rule; requires anatomy review"
"skeleton","Rectus abdominis muscle.or","Rectus abdominis muscle.o.005","No canonical Phase 7 rule; requires anatomy review"
"skeleton","Costal cartilage of first rib.l","Costal cartilage of first rib.006","No canonical Phase 7 rule; requires anatomy review"
"skeleton","Costal cartilage of first rib.r","Costal cartilage of first rib.005","No canonical Phase 7 rule; requires anatomy review"
"skeleton","Costal cartilage of fourth rib.l","Costal cartilage of fourth rib.006","No canonical Phase 7 rule; requires anatomy review"
"skeleton","Costal cartilage of fourth rib.r","Costal cartilage of fourth rib.005","No canonical Phase 7 rule; requires anatomy review"
"skeleton","Costal cartilage of ninth rib.l","Costal cartilage of ninth rib.006","No canonical Phase 7 rule; requires anatomy review"
"skeleton","Costal cartilage of ninth rib.r","Costal cartilage of ninth rib.005","No canonical Phase 7 rule; requires anatomy review"
"skeleton","Costal cartilage of second rib.l","Costal cartilage of second rib.006","No canonical Phase 7 rule; requires anatomy review"
"skeleton","Costal cartilage of second rib.r","Costal cartilage of second rib.005","No canonical Phase 7 rule; requires anatomy review"
"skeleton","Costal cartilage of seventh rib.l","Costal cartilage of seventh rib.006","No canonical Phase 7 rule; requires anatomy review"
"skeleton","(Abdominal part of pectoralis major muscle).ol","(Abdominal part of pectoralis major muscle).o.006","No canonical Phase 7 rule; requires anatomy review"
"skeleton","Rectus abdominis muscle.el","Rectus abdominis muscle.e.006","No canonical Phase 7 rule; requires anatomy review"
"skeleton","Costal cartilage of seventh rib.r","Costal cartilage of seventh rib.005","No canonical Phase 7 rule; requires anatomy review"
"skeleton","(Abdominal part of pectoralis major muscle).or","(Abdominal part of pectoralis major muscle).o.005","No canonical Phase 7 rule; requires anatomy review"
"skeleton","Rectus abdominis muscle.er","Rectus abdominis muscle.e.005","No canonical Phase 7 rule; requires anatomy review"
"skeleton","Costal cartilage of sixth rib.l","Costal cartilage of sixth rib.006","No canonical Phase 7 rule; requires anatomy review"
"skeleton","Sternocostal head of pectoralis major muscle.el","Sternocostal head of pectoralis major muscle.e.006","No canonical Phase 7 rule; requires anatomy review"
"skeleton","Costal cartilage of sixth rib.r","Costal cartilage of sixth rib.005","No canonical Phase 7 rule; requires anatomy review"
"skeleton","Sternocostal head of pectoralis major muscle.er","Sternocostal head of pectoralis major muscle.e.005","No canonical Phase 7 rule; requires anatomy review"
"skeleton","Costal cartilage of tenth rib.l","Costal cartilage of tenth rib.006","No canonical Phase 7 rule; requires anatomy review"
"skeleton","Diaphragm.ol","Diaphragm.o.006","No canonical Phase 7 rule; requires anatomy review"
"skeleton","Internal abdominal oblique muscle.o1l","Internal abdominal oblique muscle.o1.006","No canonical Phase 7 rule; requires anatomy review"
"skeleton","Costal cartilage of tenth rib.r","Costal cartilage of tenth rib.005","No canonical Phase 7 rule; requires anatomy review"
"skeleton","Diaphragm.or","Diaphragm.o.005","No canonical Phase 7 rule; requires anatomy review"
"skeleton","Internal abdominal oblique muscle.o1r","Internal abdominal oblique muscle.o1.005","No canonical Phase 7 rule; requires anatomy review"
"skeleton","Costal cartilage of third rib.l","Costal cartilage of third rib.006","No canonical Phase 7 rule; requires anatomy review"
"skeleton","Costal cartilage of third rib.r","Costal cartilage of third rib.005","No canonical Phase 7 rule; requires anatomy review"
"skeleton","Costal cartilages.j","Costal cartilages.j.003","No canonical Phase 7 rule; requires anatomy review"
"skeleton","Inferior thoracic aperture.j","Inferior thoracic aperture.j.003","No canonical Phase 7 rule; requires anatomy review"
"skeleton","Infrasternal angle.j","Infrasternal angle.j.003","No canonical Phase 7 rule; requires anatomy review"
"skeleton","Intercostal space.j","Intercostal space.j.003","No canonical Phase 7 rule; requires anatomy review"
"skeleton","Superior thoracic aperture.j","Superior thoracic aperture.003","No canonical Phase 7 rule; requires anatomy review"
"skeleton","Thoracic skeleton.j","Thoracic skeleton.j.003","No canonical Phase 7 rule; requires anatomy review"
"skeleton","Bones of vertebral column.j","Bones of vertebral column.j.003","No canonical Phase 7 rule; requires anatomy review"
"skeleton","Atlas (C1)","Atlas (C1).003","No canonical Phase 7 rule; requires anatomy review"
"skeleton","(Canal for vertebral artery).j","(Canal for vertebral artery).j.003","No canonical Phase 7 rule; requires anatomy review"
"skeleton","Anterior arch of atlas.j","Anterior arch of atlas.j.003","No canonical Phase 7 rule; requires anatomy review"
"skeleton","Anterior tubercle of atlas.j","Anterior tubercle of atlas.j.003","No canonical Phase 7 rule; requires anatomy review"
"skeleton","Atlas.j","Atlas.j.003","No canonical Phase 7 rule; requires anatomy review"
"skeleton","Facet for dens.j","Facet for dens.j.003","No canonical Phase 7 rule; requires anatomy review"
"skeleton","Groove for vertebral artery.j","Groove for vertebral artery.j.003","No canonical Phase 7 rule; requires anatomy review"
"skeleton","Inferior articular surface of atlas.j","Inferior articular surface of atlas.j.003","No canonical Phase 7 rule; requires anatomy review"
"skeleton","Lateral mass.j","Lateral mass.j.003","No canonical Phase 7 rule; requires anatomy review"
"skeleton","Levator scapulae.ol","Levator scapulae.o.006","No canonical Phase 7 rule; requires anatomy review"
"skeleton","Levator scapulae.or","Levator scapulae.o.005","No canonical Phase 7 rule; requires anatomy review"
"skeleton","Obliquus inferior capitis muscle.ol","Obliquus inferior capitis muscle.o.006","No canonical Phase 7 rule; requires anatomy review"
"skeleton","Obliquus inferior capitis muscle.or","Obliquus inferior capitis muscle.o.005","No canonical Phase 7 rule; requires anatomy review"
"skeleton","Posterior arch of atlas.j","Posterior arch of atlas.j.003","No canonical Phase 7 rule; requires anatomy review"
"skeleton","Posterior tubercle of atlas.j","Posterior tubercle of atlas.j.003","No canonical Phase 7 rule; requires anatomy review"
"skeleton","Rectus anterior capitis muscle.el","Rectus anterior capitis muscle.e.005","No canonical Phase 7 rule; requires anatomy review"
"skeleton","Rectus anterior capitis muscle.er","Rectus anterior capitis muscle.e.006","No canonical Phase 7 rule; requires anatomy review"
"skeleton","Rectus posterior minor capitis muscle.el","Rectus posterior minor capitis muscle.e.005","No canonical Phase 7 rule; requires anatomy review"
"skeleton","Rectus posterior minor capitis muscle.er","Rectus posterior minor capitis muscle.e.006","No canonical Phase 7 rule; requires anatomy review"
"skeleton","Splenius colli muscle.e1l","Splenius colli muscle.e1.006","No canonical Phase 7 rule; requires anatomy review"
"skeleton","Splenius colli muscle.e1r","Splenius colli muscle.e1.005","No canonical Phase 7 rule; requires anatomy review"
"skeleton","Superior articular surface of atlas.j","Superior articular surface of atlas.j.003","No canonical Phase 7 rule; requires anatomy review"
"skeleton","Transverse ligament tubercle.j","Transverse ligament tubercle.j.003","No canonical Phase 7 rule; requires anatomy review"
"skeleton","Axis (C2)","Axis (C2).003","No canonical Phase 7 rule; requires anatomy review"
"skeleton","Anterior articular facet of dens axis.j","Anterior articular facet of dens axis.j.003","No canonical Phase 7 rule; requires anatomy review"
"skeleton","Apex of dens axis.j","Apex of dens axis.j.003","No canonical Phase 7 rule; requires anatomy review"
"skeleton","Axis (C2).j","Axis (C2).j.003","No canonical Phase 7 rule; requires anatomy review"
"skeleton","Dens axis.j","Dens axis.j.003","No canonical Phase 7 rule; requires anatomy review"
"skeleton","Levator scapulae.o1l","Levator scapulae.o1.006","No canonical Phase 7 rule; requires anatomy review"
"skeleton","Levator scapulae.o1r","Levator scapulae.o1.005","No canonical Phase 7 rule; requires anatomy review"
"skeleton","Obliquus inferior capitis muscle.el","Obliquus inferior capitis muscle.e.006","No canonical Phase 7 rule; requires anatomy review"
"skeleton","Obliquus inferior capitis muscle.er","Obliquus inferior capitis muscle.e.005","No canonical Phase 7 rule; requires anatomy review"
"skeleton","Posterior articular facet of dens axis.j","Posterior articular facet of dens axis.j.003","No canonical Phase 7 rule; requires anatomy review"
"skeleton","Rectus posterior major capitis muscle.el","Rectus posterior major capitis muscle.e.005","No canonical Phase 7 rule; requires anatomy review"
"skeleton","Rectus posterior major capitis muscle.er","Rectus posterior major capitis muscle.e.006","No canonical Phase 7 rule; requires anatomy review"
"skeleton","Splenius colli muscle.el","Splenius colli muscle.e.006","No canonical Phase 7 rule; requires anatomy review"
"skeleton","Splenius colli muscle.er","Splenius colli muscle.e.005","No canonical Phase 7 rule; requires anatomy review"
"skeleton","Cervical vertebrae.j","Cervical vertebrae.j.003","No canonical Phase 7 rule; requires anatomy review"
"skeleton","Vertebra C3","Vertebra C3.003","No canonical Phase 7 rule; requires anatomy review"
"skeleton","Levator scapulae.o2l","Levator scapulae.o2.006","No canonical Phase 7 rule; requires anatomy review"
"skeleton","Levator scapulae.o2r","Levator scapulae.o2.005","No canonical Phase 7 rule; requires anatomy review"
"skeleton","Vertebra C4","Vertebra C4.003","No canonical Phase 7 rule; requires anatomy review"
"skeleton","Anterior tubercle of transverse process.j","Anterior tubercle of transverse process.j.003","No canonical Phase 7 rule; requires anatomy review"
"skeleton","Cervical vertebra.j","Cervical vertebra.j.003","No canonical Phase 7 rule; requires anatomy review"
"skeleton","Foramen transversarium.j","Foramen transversarium.j.003","No canonical Phase 7 rule; requires anatomy review"
"skeleton","Groove for spinal nerve.j","Groove for spinal nerve.j.003","No canonical Phase 7 rule; requires anatomy review"
"skeleton","Iliocostalis colli muscle.el","Iliocostalis colli muscle.e.006","No canonical Phase 7 rule; requires anatomy review"
"skeleton","Iliocostalis colli muscle.er","Iliocostalis colli muscle.e.005","No canonical Phase 7 rule; requires anatomy review"
"skeleton","Levator scapulae.o3l","Levator scapulae.o3.006","No canonical Phase 7 rule; requires anatomy review"
"skeleton","Levator scapulae.o3r","Levator scapulae.o3.005","No canonical Phase 7 rule; requires anatomy review"
"skeleton","Posterior tubercle of transverse process.j","Posterior tubercle of transverse process.j.003","No canonical Phase 7 rule; requires anatomy review"
"skeleton","Scalenus anterior muscle.el","Scalenus anterior muscle.e.005","No canonical Phase 7 rule; requires anatomy review"
"skeleton","Scalenus anterior muscle.er","Scalenus anterior muscle.e.006","No canonical Phase 7 rule; requires anatomy review"
"skeleton","Uncinate process of vertebra.j","Uncinate process of vertebra.j.003","No canonical Phase 7 rule; requires anatomy review"
"skeleton","Vertebra C5","Vertebra C5.003","No canonical Phase 7 rule; requires anatomy review"
"skeleton","Scalenus anterior muscle.e1l","Scalenus anterior muscle.e1.005","No canonical Phase 7 rule; requires anatomy review"
"skeleton","Scalenus anterior muscle.e1r","Scalenus anterior muscle.e1.006","No canonical Phase 7 rule; requires anatomy review"
"skeleton","Scalenus posterior muscle.el","Scalenus posterior muscle.e.005","No canonical Phase 7 rule; requires anatomy review"
"skeleton","Scalenus posterior muscle.er","Scalenus posterior muscle.e.006","No canonical Phase 7 rule; requires anatomy review"
"skeleton","Vertebra C6","Vertebra C6.003","No canonical Phase 7 rule; requires anatomy review"
"skeleton","Scalenus anterior muscle.e2l","Scalenus anterior muscle.e2.005","No canonical Phase 7 rule; requires anatomy review"
"skeleton","Scalenus anterior muscle.e2r","Scalenus anterior muscle.e2.006","No canonical Phase 7 rule; requires anatomy review"
"skeleton","Scalenus medius muscle.el","Scalenus medius muscle.e.005","No canonical Phase 7 rule; requires anatomy review"
"skeleton","Scalenus medius muscle.er","Scalenus medius muscle.e.006","No canonical Phase 7 rule; requires anatomy review"
"skeleton","Vertebra C7","Vertebra C7.003","No canonical Phase 7 rule; requires anatomy review"
"skeleton","Scalenus medius muscle.e1l","Scalenus medius muscle.e1.005","No canonical Phase 7 rule; requires anatomy review"
"skeleton","Scalenus medius muscle.e1r","Scalenus medius muscle.e1.006","No canonical Phase 7 rule; requires anatomy review"
"skeleton","Coccyx","Coccyx.003","No canonical Phase 7 rule; requires anatomy review"
"skeleton","Apex of coccyx.j","Apex of coccyx.j.003","No canonical Phase 7 rule; requires anatomy review"
"skeleton","Base of coccyx.j","Base of coccyx.j.003","No canonical Phase 7 rule; requires anatomy review"
"skeleton","Coccygeal horn.j","Coccygeal horn.j.003","No canonical Phase 7 rule; requires anatomy review"
"skeleton","Coccyx.j","Coccyx.j.003","No canonical Phase 7 rule; requires anatomy review"
"skeleton","Lumbar vertebrae.j","Lumbar vertebrae.j.003","No canonical Phase 7 rule; requires anatomy review"
"skeleton","Vertebra L1","Vertebra L1.003","No canonical Phase 7 rule; requires anatomy review"
"skeleton","Diaphragm.o1l","Diaphragm.o1.006","No canonical Phase 7 rule; requires anatomy review"
"skeleton","Diaphragm.o1r","Diaphragm.o1.005","No canonical Phase 7 rule; requires anatomy review"
"skeleton","Longissimus thoracis muscle.e2l","Longissimus thoracis muscle.e2.006","No canonical Phase 7 rule; requires anatomy review"
"skeleton","Longissimus thoracis muscle.e2r","Longissimus thoracis muscle.e2.005","No canonical Phase 7 rule; requires anatomy review"
"skeleton","Vertebra L2","Vertebra L2.003","No canonical Phase 7 rule; requires anatomy review"
"skeleton","Diaphragm.o2l","Diaphragm.o2.006","No canonical Phase 7 rule; requires anatomy review"
"skeleton","Diaphragm.o2r","Diaphragm.o2.005","No canonical Phase 7 rule; requires anatomy review"
"skeleton","Longissimus thoracis muscle.e1l","Longissimus thoracis muscle.e1.006","No canonical Phase 7 rule; requires anatomy review"
"skeleton","Longissimus thoracis muscle.e1r","Longissimus thoracis muscle.e1.005","No canonical Phase 7 rule; requires anatomy review"
"skeleton","Vertebra L3","Vertebra L3.003","No canonical Phase 7 rule; requires anatomy review"
"skeleton","Annular epiphysis.j","Annular epiphysis.j.003","No canonical Phase 7 rule; requires anatomy review"
"skeleton","Costal part of transverse process.j","Costal part of transverse process.j.003","No canonical Phase 7 rule; requires anatomy review"
"skeleton","Diaphragm.o3l","Diaphragm.o3.006","No canonical Phase 7 rule; requires anatomy review"
"skeleton","Diaphragm.o3r","Diaphragm.o3.005","No canonical Phase 7 rule; requires anatomy review"
"skeleton","Inferior articular facet of vertebra.j","Inferior articular facet of vertebra.j.003","No canonical Phase 7 rule; requires anatomy review"
"skeleton","Inferior vertebral notch.j","Inferior vertebral notch.j.003","No canonical Phase 7 rule; requires anatomy review"
"skeleton","Intervertebral foramen.j","Intervertebral foramen.j.003","No canonical Phase 7 rule; requires anatomy review"
"skeleton","Intervertebral surface.j","Intervertebral surface.j.003","No canonical Phase 7 rule; requires anatomy review"
"skeleton","Lamina of vertebral arch.j","Lamina of vertebral arch.j.003","No canonical Phase 7 rule; requires anatomy review"
"skeleton","Lateral part of transverse process.j","Lateral part of transverse process.j.003","No canonical Phase 7 rule; requires anatomy review"
"skeleton","Longissimus thoracis muscle.el","Longissimus thoracis muscle.e.006","No canonical Phase 7 rule; requires anatomy review"
"skeleton","Longissimus thoracis muscle.er","Longissimus thoracis muscle.e.005","No canonical Phase 7 rule; requires anatomy review"
"skeleton","Pars interarticularis of vertebral arch.j","Pars interarticularis of vertebral arch.j.003","No canonical Phase 7 rule; requires anatomy review"
"skeleton","Pedicle of vertebral arch.j","Pedicle of vertebral arch.j.003","No canonical Phase 7 rule; requires anatomy review"
"skeleton","Spinous process.j","Spinous process.j.003","No canonical Phase 7 rule; requires anatomy review"
"skeleton","Superior articular facet of vertebra.j","Superior articular facet of vertebra.j.003","No canonical Phase 7 rule; requires anatomy review"
"skeleton","Superior articular process of vertebra.j","Superior articular process of vertebra.j.003","No canonical Phase 7 rule; requires anatomy review"
"skeleton","Superior vertebral notch.j","Superior vertebral notch.j.003","No canonical Phase 7 rule; requires anatomy review"
"skeleton","Transverse process.j","Transverse process.j.003","No canonical Phase 7 rule; requires anatomy review"
"skeleton","Vertebra.j","Vertebra.j.003","No canonical Phase 7 rule; requires anatomy review"
"skeleton","Vertebral arch.j","Vertebral arch.j.003","No canonical Phase 7 rule; requires anatomy review"
"skeleton","Vertebral body.j","Vertebral body.j.003","No canonical Phase 7 rule; requires anatomy review"
"skeleton","Vertebral foramen.j","Vertebral foramen.j.003","No canonical Phase 7 rule; requires anatomy review"
"skeleton","Vertebra L4","Vertebra L4.003","No canonical Phase 7 rule; requires anatomy review"
"skeleton","Vertebra L5","Vertebra L5.003","No canonical Phase 7 rule; requires anatomy review"
"skeleton","Sacrum","Sacrum.003","No canonical Phase 7 rule; requires anatomy review"
"skeleton","Ala of sacrum.j","Ala of sacrum.j.003","No canonical Phase 7 rule; requires anatomy review"
"skeleton","Anterior sacral foramina.j","Anterior sacral foramina.j.003","No canonical Phase 7 rule; requires anatomy review"
"skeleton","Apex of sacrum.j","Apex of sacrum.j.003","No canonical Phase 7 rule; requires anatomy review"
"skeleton","Auricular surface of sacrum.j","Auricular surface of sacrum.j.003","No canonical Phase 7 rule; requires anatomy review"
"skeleton","Base of sacrum.j","Base of sacrum.j.003","No canonical Phase 7 rule; requires anatomy review"
"skeleton","Dorsal surface of sacrum.j","Dorsal surface of sacrum.j.003","No canonical Phase 7 rule; requires anatomy review"
"skeleton","Intermediate sacral crest.j","Intermediate sacral crest.j.003","No canonical Phase 7 rule; requires anatomy review"
"skeleton","Intervertebral foramina.j","Intervertebral foramina.j.003","No canonical Phase 7 rule; requires anatomy review"
"skeleton","Lateral part of sacrum.j","Lateral part of sacrum.j.003","No canonical Phase 7 rule; requires anatomy review"
"skeleton","Lateral sacral crest.j","Lateral sacral crest.j.003","No canonical Phase 7 rule; requires anatomy review"
"skeleton","Median sacral crest.j","Median sacral crest.j.003","No canonical Phase 7 rule; requires anatomy review"
"skeleton","Pelvic surface of sacrum.j","Pelvic surface of sacrum.j.003","No canonical Phase 7 rule; requires anatomy review"
"skeleton","Piriformis muscle.ol","Piriformis muscle.o.005","No canonical Phase 7 rule; requires anatomy review"
"skeleton","Piriformis muscle.or","Piriformis muscle.o.006","No canonical Phase 7 rule; requires anatomy review"
"skeleton","Posterior sacral foramina.j","Posterior sacral foramina.j.003","No canonical Phase 7 rule; requires anatomy review"
"skeleton","Promontory.j","Promontory.j.003","No canonical Phase 7 rule; requires anatomy review"
"skeleton","Sacral canal.j","Sacral canal.j.003","No canonical Phase 7 rule; requires anatomy review"
"skeleton","Sacral hiatus.j","Sacral hiatus.j.003","No canonical Phase 7 rule; requires anatomy review"
"skeleton","Sacral horn.j","Sacral horn.j.003","No canonical Phase 7 rule; requires anatomy review"
"skeleton","Sacral tuberosity.j","Sacral tuberosity.j.003","No canonical Phase 7 rule; requires anatomy review"
"skeleton","Sacrum.j","Sacrum.j.003","No canonical Phase 7 rule; requires anatomy review"
"skeleton","Superior articular process of sacrum.j","Superior articular process of sacrum.j.003","No canonical Phase 7 rule; requires anatomy review"
"skeleton","Transverse ridges.j","Transverse ridges.j.003","No canonical Phase 7 rule; requires anatomy review"
"skeleton","Thoracic vertebrae.j","Thoracic vertebrae.j.003","No canonical Phase 7 rule; requires anatomy review"
"skeleton","Vertebra T1","Vertebra T1.003","No canonical Phase 7 rule; requires anatomy review"
"skeleton","Longissimus thoracis muscle.e25l","Longissimus thoracis muscle.e25.006","No canonical Phase 7 rule; requires anatomy review"
"skeleton","Longissimus thoracis muscle.e25r","Longissimus thoracis muscle.e25.005","No canonical Phase 7 rule; requires anatomy review"
"skeleton","Uncinate process of first thoracic vertebra.j","Uncinate process of first thoracic vertebra.j.003","No canonical Phase 7 rule; requires anatomy review"
"skeleton","Vertebra T2","Vertebra T2.003","No canonical Phase 7 rule; requires anatomy review"
"skeleton","Longissimus thoracis muscle.e23l","Longissimus thoracis muscle.e23.006","No canonical Phase 7 rule; requires anatomy review"
"skeleton","Longissimus thoracis muscle.e23r","Longissimus thoracis muscle.e23.005","No canonical Phase 7 rule; requires anatomy review"
"skeleton","Vertebra T3","Vertebra T3.003","No canonical Phase 7 rule; requires anatomy review"
"skeleton","Longissimus thoracis muscle.e21l","Longissimus thoracis muscle.e21.006","No canonical Phase 7 rule; requires anatomy review"
"skeleton","Longissimus thoracis muscle.e21r","Longissimus thoracis muscle.e21.005","No canonical Phase 7 rule; requires anatomy review"
"skeleton","Vertebra T4","Vertebra T4.003","No canonical Phase 7 rule; requires anatomy review"
"skeleton","Longissimus thoracis muscle.e19l","Longissimus thoracis muscle.e19.006","No canonical Phase 7 rule; requires anatomy review"
"skeleton","Longissimus thoracis muscle.e19r","Longissimus thoracis muscle.e19.005","No canonical Phase 7 rule; requires anatomy review"
"skeleton","Vertebra T5","Vertebra T5.003","No canonical Phase 7 rule; requires anatomy review"
"skeleton","Longissimus thoracis muscle.e17l","Longissimus thoracis muscle.e17.006","No canonical Phase 7 rule; requires anatomy review"
"skeleton","Longissimus thoracis muscle.e17r","Longissimus thoracis muscle.e17.005","No canonical Phase 7 rule; requires anatomy review"
"skeleton","Vertebra T6","Vertebra T6.003","No canonical Phase 7 rule; requires anatomy review"
"skeleton","Longissimus thoracis muscle.e15l","Longissimus thoracis muscle.e15.006","No canonical Phase 7 rule; requires anatomy review"
"skeleton","Longissimus thoracis muscle.e15r","Longissimus thoracis muscle.e15.005","No canonical Phase 7 rule; requires anatomy review"
"skeleton","Vertebra T7","Vertebra T7.003","No canonical Phase 7 rule; requires anatomy review"
"skeleton","Longissimus thoracis muscle.e13l","Longissimus thoracis muscle.e13.006","No canonical Phase 7 rule; requires anatomy review"
"skeleton","Longissimus thoracis muscle.e13r","Longissimus thoracis muscle.e13.005","No canonical Phase 7 rule; requires anatomy review"
"skeleton","Vertebra T8","Vertebra T8.003","No canonical Phase 7 rule; requires anatomy review"
"skeleton","Inferior costal facet.j","Inferior costal facet.j.003","No canonical Phase 7 rule; requires anatomy review"
"skeleton","Longissimus thoracis muscle.e11l","Longissimus thoracis muscle.e11.006","No canonical Phase 7 rule; requires anatomy review"
"skeleton","Longissimus thoracis muscle.e11r","Longissimus thoracis muscle.e11.005","No canonical Phase 7 rule; requires anatomy review"
"skeleton","Superior costal facet.j","Superior costal facet.j.003","No canonical Phase 7 rule; requires anatomy review"
"skeleton","Thoracic vertebra.j","Thoracic vertebra.j.003","No canonical Phase 7 rule; requires anatomy review"
"skeleton","Transverse costal facet.j","Transverse costal facet.j.003","No canonical Phase 7 rule; requires anatomy review"
"skeleton","Vertebra T9","Vertebra T9.003","No canonical Phase 7 rule; requires anatomy review"
"skeleton","Longissimus thoracis muscle.e9l","Longissimus thoracis muscle.e9.006","No canonical Phase 7 rule; requires anatomy review"
"skeleton","Longissimus thoracis muscle.e9r","Longissimus thoracis muscle.e9.005","No canonical Phase 7 rule; requires anatomy review"
"skeleton","Vertebra T10","Vertebra T10.003","No canonical Phase 7 rule; requires anatomy review"
"skeleton","Longissimus thoracis muscle.e7l","Longissimus thoracis muscle.e7.006","No canonical Phase 7 rule; requires anatomy review"
"skeleton","Longissimus thoracis muscle.e7r","Longissimus thoracis muscle.e7.005","No canonical Phase 7 rule; requires anatomy review"
"skeleton","Vertebra T11","Vertebra T11.003","No canonical Phase 7 rule; requires anatomy review"
"skeleton","Longissimus thoracis muscle.e5l","Longissimus thoracis muscle.e5.006","No canonical Phase 7 rule; requires anatomy review"
"skeleton","Longissimus thoracis muscle.e5r","Longissimus thoracis muscle.e5.005","No canonical Phase 7 rule; requires anatomy review"
"skeleton","Vertebra T12","Vertebra T12.003","No canonical Phase 7 rule; requires anatomy review"
"skeleton","Longissimus thoracis muscle.e3l","Longissimus thoracis muscle.e3.006","No canonical Phase 7 rule; requires anatomy review"
"skeleton","Longissimus thoracis muscle.e3r","Longissimus thoracis muscle.e3.005","No canonical Phase 7 rule; requires anatomy review"
"skeleton","Vertebral column.j","Vertebral column.j.003","No canonical Phase 7 rule; requires anatomy review"
"joints","Interosseous membrane of leg.l","Interosseous membrane of leg.002","No canonical Phase 7 rule; requires anatomy review"
"joints","Interosseous membrane of leg.r","Interosseous membrane of leg.002","No canonical Phase 7 rule; requires anatomy review"
"joints","Anterior tibiofibular ligament.l","Anterior tibiofibular ligament.006","No canonical Phase 7 rule; requires anatomy review"
"joints","Anterior tibiofibular ligament.r","Anterior tibiofibular ligament.005","No canonical Phase 7 rule; requires anatomy review"
"joints","Posterior tibiofibular ligament.l","Posterior tibiofibular ligament.006","No canonical Phase 7 rule; requires anatomy review"
"joints","Posterior tibiofibular ligament.r","Posterior tibiofibular ligament.005","No canonical Phase 7 rule; requires anatomy review"
"joints","Transverse tibiofibular ligament.l","Transverse tibiofibular ligament.006","No canonical Phase 7 rule; requires anatomy review"
"joints","Transverse tibiofibular ligament.r","Transverse tibiofibular ligament.005","No canonical Phase 7 rule; requires anatomy review"
"joints","Anterior talofibular ligament.l","Anterior talofibular ligament.006","No canonical Phase 7 rule; requires anatomy review"
"joints","Anterior talofibular ligament.r","Anterior talofibular ligament.005","No canonical Phase 7 rule; requires anatomy review"
"joints","Calcaneofibular ligament.l","Calcaneofibular ligament.006","No canonical Phase 7 rule; requires anatomy review"
"joints","Calcaneofibular ligament.r","Calcaneofibular ligament.005","No canonical Phase 7 rule; requires anatomy review"
"joints","Posterior talofibular ligament.l","Posterior talofibular ligament.006","No canonical Phase 7 rule; requires anatomy review"
"joints","Posterior talofibular ligament.r","Posterior talofibular ligament.005","No canonical Phase 7 rule; requires anatomy review"
"joints","Posterior tibiotalar ligament.l","Posterior tibiotalar ligament.006","No canonical Phase 7 rule; requires anatomy review"
"joints","Posterior tibiotalar ligament.r","Posterior tibiotalar ligament.005","No canonical Phase 7 rule; requires anatomy review"
"joints","Tibiocalcaneal ligament.l","Tibiocalcaneal ligament.006","No canonical Phase 7 rule; requires anatomy review"
"joints","Tibiocalcaneal ligament.r","Tibiocalcaneal ligament.005","No canonical Phase 7 rule; requires anatomy review"
"joints","Tibionavicular ligament.l","Tibionavicular ligament.006","No canonical Phase 7 rule; requires anatomy review"
"joints","Tibionavicular ligament.r","Tibionavicular ligament.005","No canonical Phase 7 rule; requires anatomy review"
"joints","Acetabular labrum.l","Acetabular labrum.006","No canonical Phase 7 rule; requires anatomy review"
"joints","Acetabular labrum.r","Acetabular labrum.005","No canonical Phase 7 rule; requires anatomy review"
"joints","Descending part of iliofemoral ligament.l","Descending part of iliofemoral ligament.006","No canonical Phase 7 rule; requires anatomy review"
"joints","Descending part of iliofemoral ligament.r","Descending part of iliofemoral ligament.005","No canonical Phase 7 rule; requires anatomy review"
"joints","Frenula capsulae.l","Frenula capsulae.006","No canonical Phase 7 rule; requires anatomy review"
"joints","Frenula capsulae.r","Frenula capsulae.005","No canonical Phase 7 rule; requires anatomy review"
"joints","Ischiofemoral ligament.l","Ischiofemoral ligament.006","No canonical Phase 7 rule; requires anatomy review"
"joints","Ischiofemoral ligament.r","Ischiofemoral ligament.005","No canonical Phase 7 rule; requires anatomy review"
"joints","Ligament of head of femur.l","Ligament of head of femur.006","No canonical Phase 7 rule; requires anatomy review"
"joints","Ligament of head of femur.r","Ligament of head of femur.005","No canonical Phase 7 rule; requires anatomy review"
"joints","Pubofemoral ligament.l","Pubofemoral ligament.006","No canonical Phase 7 rule; requires anatomy review"
"joints","Pubofemoral ligament.r","Pubofemoral ligament.005","No canonical Phase 7 rule; requires anatomy review"
"joints","Transverse acetabular ligament.l","Transverse acetabular ligament.006","No canonical Phase 7 rule; requires anatomy review"
"joints","Transverse acetabular ligament.r","Transverse acetabular ligament.005","No canonical Phase 7 rule; requires anatomy review"
"joints","Transverse part of iliofemoral ligament.l","Transverse part of iliofemoral ligament.006","No canonical Phase 7 rule; requires anatomy review"
"joints","Transverse part of iliofemoral ligament.r","Transverse part of iliofemoral ligament.005","No canonical Phase 7 rule; requires anatomy review"
"joints","Zona orbicularis.l","Zona orbicularis.006","No canonical Phase 7 rule; requires anatomy review"
"joints","Zona orbicularis.r","Zona orbicularis.005","No canonical Phase 7 rule; requires anatomy review"
"joints","Dorsal metatarsal ligaments.l","Dorsal metatarsal ligaments.006","No canonical Phase 7 rule; requires anatomy review"
"joints","Dorsal metatarsal ligaments.r","Dorsal metatarsal ligaments.005","No canonical Phase 7 rule; requires anatomy review"
"joints","Intersesamoid ligament.l","Intersesamoid ligament.006","No canonical Phase 7 rule; requires anatomy review"
"joints","Intersesamoid ligament.r","Intersesamoid ligament.005","No canonical Phase 7 rule; requires anatomy review"
"joints","Metatarsal interosseous ligaments.l","Metatarsal interosseous ligaments.006","No canonical Phase 7 rule; requires anatomy review"
"joints","Metatarsal interosseous ligaments.r","Metatarsal interosseous ligaments.005","No canonical Phase 7 rule; requires anatomy review"
"joints","Plantar metatarsal ligaments.l","Plantar metatarsal ligaments.006","No canonical Phase 7 rule; requires anatomy review"
"joints","Plantar metatarsal ligaments.r","Plantar metatarsal ligaments.005","No canonical Phase 7 rule; requires anatomy review"
"joints","Articular capsule of interphalangeal joint of great toe.l","Articular capsule of interphalangeal joint of great toe.006","No canonical Phase 7 rule; requires anatomy review"
"joints","Articular capsule of interphalangeal joint of great toe.r","Articular capsule of interphalangeal joint of great toe.005","No canonical Phase 7 rule; requires anatomy review"
"joints","Articular capsules of distal interphalangeal joints of foot.l","Articular capsules of distal interphalangeal joints of foot.006","No canonical Phase 7 rule; requires anatomy review"
"joints","Articular capsules of distal interphalangeal joints of foot.r","Articular capsules of distal interphalangeal joints of foot.005","No canonical Phase 7 rule; requires anatomy review"
"joints","Articular capsules of proximal interphalangeal joints of foot.l","Articular capsules of proximal interphalangeal joints of fo.005","No canonical Phase 7 rule; requires anatomy review"
"joints","Articular capsules of proximal interphalangeal joints of foot.r","Articular capsules of proximal interphalangeal joints of fo.004","No canonical Phase 7 rule; requires anatomy review"
"joints","Collateral interphalangeal ligaments of foot.l","Collateral interphalangeal ligaments of foot.006","No canonical Phase 7 rule; requires anatomy review"
"joints","Collateral interphalangeal ligaments of foot.r","Collateral interphalangeal ligaments of foot.005","No canonical Phase 7 rule; requires anatomy review"
"joints","Plantar interphalangeal ligaments.l","Plantar interphalangeal ligaments.006","No canonical Phase 7 rule; requires anatomy review"
"joints","Plantar interphalangeal ligaments.r","Plantar interphalangeal ligaments.005","No canonical Phase 7 rule; requires anatomy review"
"joints","Anterior talocalcaneal ligament.l","Anterior talocalcaneal ligament.006","No canonical Phase 7 rule; requires anatomy review"
"joints","Anterior talocalcaneal ligament.r","Anterior talocalcaneal ligament.005","No canonical Phase 7 rule; requires anatomy review"
"joints","Calcaneocuboid ligament.l","Calcaneocuboid ligament.006","No canonical Phase 7 rule; requires anatomy review"
"joints","Calcaneocuboid ligament.r","Calcaneocuboid ligament.005","No canonical Phase 7 rule; requires anatomy review"
"joints","Calcaneonavicular ligament.l","Calcaneonavicular ligament.006","No canonical Phase 7 rule; requires anatomy review"
"joints","Calcaneonavicular ligament.r","Calcaneonavicular ligament.005","No canonical Phase 7 rule; requires anatomy review"
"joints","Cuneocuboid interosseous ligament.l","Cuneocuboid interosseous ligament.006","No canonical Phase 7 rule; requires anatomy review"
"joints","Cuneocuboid interosseous ligament.r","Cuneocuboid interosseous ligament.005","No canonical Phase 7 rule; requires anatomy review"
"joints","Dorsal calcaneocuboid ligament.l","Dorsal calcaneocuboid ligament.006","No canonical Phase 7 rule; requires anatomy review"
"joints","Dorsal calcaneocuboid ligament.r","Dorsal calcaneocuboid ligament.005","No canonical Phase 7 rule; requires anatomy review"
"joints","Dorsal cuboideonavicular ligament.l","Dorsal cuboideonavicular ligament.006","No canonical Phase 7 rule; requires anatomy review"
"joints","Dorsal cuboideonavicular ligament.r","Dorsal cuboideonavicular ligament.005","No canonical Phase 7 rule; requires anatomy review"
"joints","Dorsal cuneocuboid ligament.l","Dorsal cuneocuboid ligament.006","No canonical Phase 7 rule; requires anatomy review"
"joints","Dorsal cuneocuboid ligament.r","Dorsal cuneocuboid ligament.005","No canonical Phase 7 rule; requires anatomy review"
"joints","Dorsal cuneonavicular ligaments.l","Dorsal cuneonavicular ligaments.006","No canonical Phase 7 rule; requires anatomy review"
"joints","Dorsal cuneonavicular ligaments.r","Dorsal cuneonavicular ligaments.005","No canonical Phase 7 rule; requires anatomy review"
"joints","Dorsal intercuneiform ligaments.l","Dorsal intercuneiform ligaments.006","No canonical Phase 7 rule; requires anatomy review"
"joints","Dorsal intercuneiform ligaments.r","Dorsal intercuneiform ligaments.005","No canonical Phase 7 rule; requires anatomy review"
"joints","Intercuneiform interosseous ligaments.l","Intercuneiform interosseous ligaments.006","No canonical Phase 7 rule; requires anatomy review"
"joints","Intercuneiform interosseous ligaments.r","Intercuneiform interosseous ligaments.005","No canonical Phase 7 rule; requires anatomy review"
"joints","Lateral talocalcaneal ligament.l","Lateral talocalcaneal ligament.006","No canonical Phase 7 rule; requires anatomy review"
"joints","Lateral talocalcaneal ligament.r","Lateral talocalcaneal ligament.005","No canonical Phase 7 rule; requires anatomy review"
"joints","Long plantar ligament.l","Long plantar ligament.002","No canonical Phase 7 rule; requires anatomy review"
"joints","Long plantar ligament.r","Long plantar ligament.002","No canonical Phase 7 rule; requires anatomy review"
"joints","Medial talocalcaneal ligament.l","Medial talocalcaneal ligament.006","No canonical Phase 7 rule; requires anatomy review"
"joints","Medial talocalcaneal ligament.r","Medial talocalcaneal ligament.005","No canonical Phase 7 rule; requires anatomy review"
"joints","Plantar calcaneocuboid ligament.l","Plantar calcaneocuboid ligament.006","No canonical Phase 7 rule; requires anatomy review"
"joints","Plantar calcaneocuboid ligament.r","Plantar calcaneocuboid ligament.005","No canonical Phase 7 rule; requires anatomy review"
"joints","Plantar calcaneonavicular ligament.l","Plantar calcaneonavicular ligament.006","No canonical Phase 7 rule; requires anatomy review"
"joints","Plantar calcaneonavicular ligament.r","Plantar calcaneonavicular ligament.005","No canonical Phase 7 rule; requires anatomy review"
"joints","Plantar cuboideonavicular ligament.l","Plantar cuboideonavicular ligament.006","No canonical Phase 7 rule; requires anatomy review"
"joints","Plantar cuboideonavicular ligament.r","Plantar cuboideonavicular ligament.005","No canonical Phase 7 rule; requires anatomy review"
"joints","Plantar cuneocuboid ligament.l","Plantar cuneocuboid ligament.006","No canonical Phase 7 rule; requires anatomy review"
"joints","Plantar cuneocuboid ligament.r","Plantar cuneocuboid ligament.005","No canonical Phase 7 rule; requires anatomy review"
"joints","Plantar cuneonavicular ligaments.l","Plantar cuneonavicular ligaments.006","No canonical Phase 7 rule; requires anatomy review"
"joints","Plantar cuneonavicular ligaments.r","Plantar cuneonavicular ligaments.005","No canonical Phase 7 rule; requires anatomy review"
"joints","Plantar intercuneiform ligaments.l","Plantar intercuneiform ligaments.006","No canonical Phase 7 rule; requires anatomy review"
"joints","Plantar intercuneiform ligaments.r","Plantar intercuneiform ligaments.005","No canonical Phase 7 rule; requires anatomy review"
"joints","Posterior talocalcaneal ligament.l","Posterior talocalcaneal ligament.006","No canonical Phase 7 rule; requires anatomy review"
"joints","Posterior talocalcaneal ligament.r","Posterior talocalcaneal ligament.005","No canonical Phase 7 rule; requires anatomy review"
"joints","Talocalcaneal interosseous ligament.l","Talocalcaneal interosseous ligament.006","No canonical Phase 7 rule; requires anatomy review"
"joints","Talocalcaneal interosseous ligament.r","Talocalcaneal interosseous ligament.005","No canonical Phase 7 rule; requires anatomy review"
"joints","Talonavicular ligament.l","Talonavicular ligament.006","No canonical Phase 7 rule; requires anatomy review"
"joints","Talonavicular ligament.r","Talonavicular ligament.005","No canonical Phase 7 rule; requires anatomy review"
"joints","Articular capsules of metatarsophalangeal joints.l","Articular capsules of metatarsophalangeal joints.006","No canonical Phase 7 rule; requires anatomy review"
"joints","Articular capsules of metatarsophalangeal joints.r","Articular capsules of metatarsophalangeal joints.005","No canonical Phase 7 rule; requires anatomy review"
"joints","Collateral metatarsophalangeal ligaments.l","Collateral metatarsophalangeal ligaments.006","No canonical Phase 7 rule; requires anatomy review"
"joints","Collateral metatarsophalangeal ligaments.r","Collateral metatarsophalangeal ligaments.005","No canonical Phase 7 rule; requires anatomy review"
"joints","Deep transverse metatarsal ligament.l","Deep transverse metatarsal ligament.006","No canonical Phase 7 rule; requires anatomy review"
"joints","Deep transverse metatarsal ligament.r","Deep transverse metatarsal ligament.005","No canonical Phase 7 rule; requires anatomy review"
"joints","Plantar metatarsophalangeal ligaments.l","Plantar metatarsophalangeal ligaments.006","No canonical Phase 7 rule; requires anatomy review"
"joints","Plantar metatarsophalangeal ligaments.r","Plantar metatarsophalangeal ligaments.005","No canonical Phase 7 rule; requires anatomy review"
"joints","Cuneometatarsal interosseous ligaments.l","Cuneometatarsal interosseous ligaments.006","No canonical Phase 7 rule; requires anatomy review"
"joints","Cuneometatarsal interosseous ligaments.r","Cuneometatarsal interosseous ligaments.005","No canonical Phase 7 rule; requires anatomy review"
"joints","Dorsal tarsometatarsal ligaments.l","Dorsal tarsometatarsal ligaments.006","No canonical Phase 7 rule; requires anatomy review"
"joints","Dorsal tarsometatarsal ligaments.r","Dorsal tarsometatarsal ligaments.005","No canonical Phase 7 rule; requires anatomy review"
"joints","Plantar tarsometatarsal ligaments.l","Plantar tarsometatarsal ligaments.006","No canonical Phase 7 rule; requires anatomy review"
"joints","Plantar tarsometatarsal ligaments.r","Plantar tarsometatarsal ligaments.005","No canonical Phase 7 rule; requires anatomy review"
"joints","Anterior cruciate ligament.l","Anterior cruciate ligament.002","No canonical Phase 7 rule; requires anatomy review"
"joints","Anterior cruciate ligament.r","Anterior cruciate ligament.002","No canonical Phase 7 rule; requires anatomy review"
"joints","Anterior meniscotibial ligament (Lateral meniscus).l","Anterior meniscotibial ligament (Lateral meniscus).006","No canonical Phase 7 rule; requires anatomy review"
"joints","Anterior meniscotibial ligament (Lateral meniscus).r","Anterior meniscotibial ligament (Lateral meniscus).005","No canonical Phase 7 rule; requires anatomy review"
"joints","Anterior meniscotibial ligament (Medial meniscus).l","Anterior meniscotibial ligament (Medial meniscus).006","No canonical Phase 7 rule; requires anatomy review"
"joints","Anterior meniscotibial ligament (Medial meniscus).r","Anterior meniscotibial ligament (Medial meniscus).005","No canonical Phase 7 rule; requires anatomy review"
"joints","Arcuate popliteal ligament.l","Arcuate popliteal ligament.006","No canonical Phase 7 rule; requires anatomy review"
"joints","Arcuate popliteal ligament.r","Arcuate popliteal ligament.005","No canonical Phase 7 rule; requires anatomy review"
"joints","Deep part of tibial collateral ligament.l","Deep part of tibial collateral ligament.006","No canonical Phase 7 rule; requires anatomy review"
"joints","Deep part of tibial collateral ligament.r","Deep part of tibial collateral ligament.005","No canonical Phase 7 rule; requires anatomy review"
"joints","Fibular collateral ligament.l","Fibular collateral ligament.006","No canonical Phase 7 rule; requires anatomy review"
"joints","Fibular collateral ligament.r","Fibular collateral ligament.005","No canonical Phase 7 rule; requires anatomy review"
"joints","Infrapatellar fat pad.l","Infrapatellar fat pad.006","No canonical Phase 7 rule; requires anatomy review"
"joints","Infrapatellar fat pad.r","Infrapatellar fat pad.005","No canonical Phase 7 rule; requires anatomy review"
"joints","Lateral meniscus.l","Lateral meniscus.006","No canonical Phase 7 rule; requires anatomy review"
"joints","Lateral meniscus.r","Lateral meniscus.005","No canonical Phase 7 rule; requires anatomy review"
"joints","Medial meniscus.l","Medial meniscus.006","No canonical Phase 7 rule; requires anatomy review"
"joints","Medial meniscus.r","Medial meniscus.005","No canonical Phase 7 rule; requires anatomy review"
"joints","Meniscopatellar ligament.l","Meniscopatellar ligament.006","No canonical Phase 7 rule; requires anatomy review"
"joints","Meniscopatellar ligament.r","Meniscopatellar ligament.005","No canonical Phase 7 rule; requires anatomy review"
"joints","Oblique popliteal ligament.l","Oblique popliteal ligament.006","No canonical Phase 7 rule; requires anatomy review"
"joints","Oblique popliteal ligament.r","Oblique popliteal ligament.005","No canonical Phase 7 rule; requires anatomy review"
"joints","Popliteofibular ligament.l","Popliteofibular ligament.006","No canonical Phase 7 rule; requires anatomy review"
"joints","Popliteofibular ligament.r","Popliteofibular ligament.005","No canonical Phase 7 rule; requires anatomy review"
"joints","Posterior cruciate ligament.l","Posterior cruciate ligament.002","No canonical Phase 7 rule; requires anatomy review"
"joints","Posterior cruciate ligament.r","Posterior cruciate ligament.002","No canonical Phase 7 rule; requires anatomy review"
"joints","Posterior meniscotibial ligament (Lateral meniscus).l","Posterior meniscotibial ligament (Lateral meniscus).006","No canonical Phase 7 rule; requires anatomy review"
"joints","Posterior meniscotibial ligament (Lateral meniscus).r","Posterior meniscotibial ligament (Lateral meniscus).005","No canonical Phase 7 rule; requires anatomy review"
"joints","Posterior meniscotibial ligament (Medial meniscus).l","Posterior meniscotibial ligament (Medial meniscus).006","No canonical Phase 7 rule; requires anatomy review"
"joints","Posterior meniscotibial ligament (Medial meniscus).r","Posterior meniscotibial ligament (Medial meniscus).005","No canonical Phase 7 rule; requires anatomy review"
"joints","Superficial part of tibial collateral ligament.l","Superficial part of tibial collateral ligament.006","No canonical Phase 7 rule; requires anatomy review"
"joints","Superficial part of tibial collateral ligament.r","Superficial part of tibial collateral ligament.005","No canonical Phase 7 rule; requires anatomy review"
"joints","Transverse ligament of knee.l","Transverse ligament of knee.006","No canonical Phase 7 rule; requires anatomy review"
"joints","Transverse ligament of knee.r","Transverse ligament of knee.005","No canonical Phase 7 rule; requires anatomy review"
"joints","Anterior ligament of fibular head.l","Anterior ligament of fibular head.006","No canonical Phase 7 rule; requires anatomy review"
"joints","Anterior ligament of fibular head.r","Anterior ligament of fibular head.005","No canonical Phase 7 rule; requires anatomy review"
"joints","Articular capsule of superior tibiofibular joint.l","Articular capsule of superior tibiofibular joint.006","No canonical Phase 7 rule; requires anatomy review"
"joints","Articular capsule of superior tibiofibular joint.r","Articular capsule of superior tibiofibular joint.005","No canonical Phase 7 rule; requires anatomy review"
"joints","Posterior ligament of fibular head.l","Posterior ligament of fibular head.006","No canonical Phase 7 rule; requires anatomy review"
"joints","Posterior ligament of fibular head.r","Posterior ligament of fibular head.005","No canonical Phase 7 rule; requires anatomy review"
"joints","Pubic symphysis","Pubic symphysis.003","No canonical Phase 7 rule; requires anatomy review"
"joints","Inferior pubic ligament","Inferior pubic ligament.003","No canonical Phase 7 rule; requires anatomy review"
"joints","Interpubic disc","Interpubic disc.003","No canonical Phase 7 rule; requires anatomy review"
"joints","Superior pubic ligament","Superior pubic ligament.003","No canonical Phase 7 rule; requires anatomy review"
"joints","Triradiate cartilage.l","Triradiate cartilage.006","No canonical Phase 7 rule; requires anatomy review"
"joints","Triradiate cartilage.r","Triradiate cartilage.005","No canonical Phase 7 rule; requires anatomy review"
"joints","Iliolumbar ligament.l","Iliolumbar ligament.006","No canonical Phase 7 rule; requires anatomy review"
"joints","Iliolumbar ligament.r","Iliolumbar ligament.005","No canonical Phase 7 rule; requires anatomy review"
"joints","Obturator membrane.l","Obturator membrane.006","No canonical Phase 7 rule; requires anatomy review"
"joints","Obturator membrane.r","Obturator membrane.005","No canonical Phase 7 rule; requires anatomy review"
"joints","Sacrospinous ligament.l","Sacrospinous ligament.006","No canonical Phase 7 rule; requires anatomy review"
"joints","Sacrospinous ligament.r","Sacrospinous ligament.005","No canonical Phase 7 rule; requires anatomy review"
"joints","Sacrotuberous ligament.l","Sacrotuberous ligament.006","No canonical Phase 7 rule; requires anatomy review"
"joints","Sacrotuberous ligament.r","Sacrotuberous ligament.005","No canonical Phase 7 rule; requires anatomy review"
"joints","Anterior sacro-iliac ligament.l","Anterior sacro-iliac ligament.006","No canonical Phase 7 rule; requires anatomy review"
"joints","Anterior sacro-iliac ligament.r","Anterior sacro-iliac ligament.005","No canonical Phase 7 rule; requires anatomy review"
"joints","Interosseous sacro-iliac ligament.l","Interosseous sacro-iliac ligament.006","No canonical Phase 7 rule; requires anatomy review"
"joints","Interosseous sacro-iliac ligament.r","Interosseous sacro-iliac ligament.005","No canonical Phase 7 rule; requires anatomy review"
"joints","Posterior sacro-iliac ligament.l","Posterior sacro-iliac ligament.006","No canonical Phase 7 rule; requires anatomy review"
"joints","Posterior sacro-iliac ligament.r","Posterior sacro-iliac ligament.005","No canonical Phase 7 rule; requires anatomy review"
"joints","Pterygospinous ligament.l","Pterygospinous ligament.006","No canonical Phase 7 rule; requires anatomy review"
"joints","Pterygospinous ligament.r","Pterygospinous ligament.005","No canonical Phase 7 rule; requires anatomy review"
"joints","Sphenomandibular ligament.l","Sphenomandibular ligament.006","No canonical Phase 7 rule; requires anatomy review"
"joints","Sphenomandibular ligament.r","Sphenomandibular ligament.005","No canonical Phase 7 rule; requires anatomy review"
"joints","Stylohyoid ligament.l","Stylohyoid ligament.006","No canonical Phase 7 rule; requires anatomy review"
"joints","Stylohyoid ligament.r","Stylohyoid ligament.005","No canonical Phase 7 rule; requires anatomy review"
"joints","Stylomandibular ligament.l","Stylomandibular ligament.006","No canonical Phase 7 rule; requires anatomy review"
"joints","Stylomandibular ligament.r","Stylomandibular ligament.005","No canonical Phase 7 rule; requires anatomy review"
"joints","Articular capsule of temporomandibular joint.l","Articular capsule of temporomandibular joint.006","No canonical Phase 7 rule; requires anatomy review"
"joints","Articular capsule of temporomandibular joint.r","Articular capsule of temporomandibular joint.005","No canonical Phase 7 rule; requires anatomy review"
"joints","Articular disc of temporomandibular joint.l","Articular disc of temporomandibular joint.002","No canonical Phase 7 rule; requires anatomy review"
"joints","Articular disc of temporomandibular joint.r","Articular disc of temporomandibular joint.002","No canonical Phase 7 rule; requires anatomy review"
"joints","Lateral temporomandibular ligament.l","Lateral temporomandibular ligament.005","No canonical Phase 7 rule; requires anatomy review"
"joints","Lateral temporomandibular ligament.r","Lateral temporomandibular ligament.006","No canonical Phase 7 rule; requires anatomy review"
"joints","Interosseous membrane of forearm.l","Interosseous membrane of forearm.002","No canonical Phase 7 rule; requires anatomy review"
"joints","Interosseous membrane of forearm.r","Interosseous membrane of forearm.002","No canonical Phase 7 rule; requires anatomy review"
"joints","Oblique cord.l","Oblique cord.006","No canonical Phase 7 rule; requires anatomy review"
"joints","Oblique cord.r","Oblique cord.005","No canonical Phase 7 rule; requires anatomy review"
"joints","Articular disc of distal radio-ulnar joint.l","Articular disc of distal radio-ulnar joint.006","No canonical Phase 7 rule; requires anatomy review"
"joints","Articular disc of distal radio-ulnar joint.r","Articular disc of distal radio-ulnar joint.005","No canonical Phase 7 rule; requires anatomy review"
"joints","Dorsal radio-ulnar ligament.l","Dorsal radio-ulnar ligament.006","No canonical Phase 7 rule; requires anatomy review"
"joints","Dorsal radio-ulnar ligament.r","Dorsal radio-ulnar ligament.005","No canonical Phase 7 rule; requires anatomy review"
"joints","Palmar radio-ulnar ligament.l","Palmar radio-ulnar ligament.006","No canonical Phase 7 rule; requires anatomy review"
"joints","Palmar radio-ulnar ligament.r","Palmar radio-ulnar ligament.005","No canonical Phase 7 rule; requires anatomy review"
"joints","Annular ligament of radius.l","Annular ligament of radius.006","No canonical Phase 7 rule; requires anatomy review"
"joints","Annular ligament of radius.r","Annular ligament of radius.005","No canonical Phase 7 rule; requires anatomy review"
"joints","Quadrate ligament.l","Quadrate ligament.006","No canonical Phase 7 rule; requires anatomy review"
"joints","Quadrate ligament.r","Quadrate ligament.005","No canonical Phase 7 rule; requires anatomy review"
"joints","Radial collateral ligament.l","Radial collateral ligament.006","No canonical Phase 7 rule; requires anatomy review"
"joints","Radial collateral ligament.r","Radial collateral ligament.005","No canonical Phase 7 rule; requires anatomy review"
"joints","Ulnar collateral ligament.l","Ulnar collateral ligament.006","No canonical Phase 7 rule; requires anatomy review"
"joints","Ulnar collateral ligament.r","Ulnar collateral ligament.005","No canonical Phase 7 rule; requires anatomy review"
"joints","Coracohumeral ligament.l","Coracohumeral ligament.006","No canonical Phase 7 rule; requires anatomy review"
"joints","Coracohumeral ligament.r","Coracohumeral ligament.005","No canonical Phase 7 rule; requires anatomy review"
"joints","Glenoid labrum.l","Glenoid labrum.006","No canonical Phase 7 rule; requires anatomy review"
"joints","Glenoid labrum.r","Glenoid labrum.005","No canonical Phase 7 rule; requires anatomy review"
"joints","Inferior glenohumeral ligament.l","Inferior glenohumeral ligament.006","No canonical Phase 7 rule; requires anatomy review"
"joints","Inferior glenohumeral ligament.r","Inferior glenohumeral ligament.005","No canonical Phase 7 rule; requires anatomy review"
"joints","Middle glenohumeral ligament.l","Middle glenohumeral ligament.006","No canonical Phase 7 rule; requires anatomy review"
"joints","Middle glenohumeral ligament.r","Middle glenohumeral ligament.005","No canonical Phase 7 rule; requires anatomy review"
"joints","Superior glenohumeral ligament.l","Superior glenohumeral ligament.006","No canonical Phase 7 rule; requires anatomy review"
"joints","Superior glenohumeral ligament.r","Superior glenohumeral ligament.005","No canonical Phase 7 rule; requires anatomy review"
"joints","Transverse humeral ligament.l","Transverse humeral ligament.006","No canonical Phase 7 rule; requires anatomy review"
"joints","Transverse humeral ligament.r","Transverse humeral ligament.005","No canonical Phase 7 rule; requires anatomy review"
"joints","Dorsal carpometacarpal ligaments.l","Dorsal carpometacarpal ligaments.006","No canonical Phase 7 rule; requires anatomy review"
"joints","Dorsal carpometacarpal ligaments.r","Dorsal carpometacarpal ligaments.005","No canonical Phase 7 rule; requires anatomy review"
"joints","Palmar carpometacarpal ligaments.l","Palmar carpometacarpal ligaments.006","No canonical Phase 7 rule; requires anatomy review"
"joints","Palmar carpometacarpal ligaments.r","Palmar carpometacarpal ligaments.005","No canonical Phase 7 rule; requires anatomy review"
"joints","Capitohamate interosseous ligament.l","Capitohamate interosseous ligament.006","No canonical Phase 7 rule; requires anatomy review"
"joints","Capitohamate interosseous ligament.r","Capitohamate interosseous ligament.005","No canonical Phase 7 rule; requires anatomy review"
"joints","Dorsal intercarpal ligaments.l","Dorsal intercarpal ligaments.006","No canonical Phase 7 rule; requires anatomy review"
"joints","Dorsal scaphotriquetral ligament.l","Dorsal scaphotriquetral ligament.006","No canonical Phase 7 rule; requires anatomy review"
"joints","Dorsal intercarpal ligaments.r","Dorsal intercarpal ligaments.005","No canonical Phase 7 rule; requires anatomy review"
"joints","Dorsal scaphotriquetral ligament.r","Dorsal scaphotriquetral ligament.005","No canonical Phase 7 rule; requires anatomy review"
"joints","Dorsal ulnocarpal ligament.l","Dorsal ulnocarpal ligament.006","No canonical Phase 7 rule; requires anatomy review"
"joints","Dorsal ulnocarpal ligament.r","Dorsal ulnocarpal ligament.005","No canonical Phase 7 rule; requires anatomy review"
"joints","Lunotriquetral interosseous ligament.l","Lunotriquetral interosseous ligament.006","No canonical Phase 7 rule; requires anatomy review"
"joints","Lunotriquetral interosseous ligament.r","Lunotriquetral interosseous ligament.005","No canonical Phase 7 rule; requires anatomy review"
"joints","Palmar capitohamate ligament.l","Palmar capitohamate ligament.006","No canonical Phase 7 rule; requires anatomy review"
"joints","Palmar capitohamate ligament.r","Palmar capitohamate ligament.005","No canonical Phase 7 rule; requires anatomy review"
"joints","Palmar lunotriquetral ligament.l","Palmar lunotriquetral ligament.006","No canonical Phase 7 rule; requires anatomy review"
"joints","Palmar lunotriquetral ligament.r","Palmar lunotriquetral ligament.005","No canonical Phase 7 rule; requires anatomy review"
"joints","Palmar scaphotriquetral ligament.l","Palmar scaphotriquetral ligament.006","No canonical Phase 7 rule; requires anatomy review"
"joints","Palmar scaphotriquetral ligament.r","Palmar scaphotriquetral ligament.005","No canonical Phase 7 rule; requires anatomy review"
"joints","Palmar trapezoideocapitate ligament.l","Palmar trapezoideocapitate ligament.006","No canonical Phase 7 rule; requires anatomy review"
"joints","Palmar trapezoideocapitate ligament.r","Palmar trapezoideocapitate ligament.005","No canonical Phase 7 rule; requires anatomy review"
"joints","Pisohamate ligament.l","Pisohamate ligament.006","No canonical Phase 7 rule; requires anatomy review"
"joints","Pisohamate ligament.r","Pisohamate ligament.005","No canonical Phase 7 rule; requires anatomy review"
"joints","Pisometacarpal ligament.l","Pisometacarpal ligament.006","No canonical Phase 7 rule; requires anatomy review"
"joints","Pisometacarpal ligament.r","Pisometacarpal ligament.005","No canonical Phase 7 rule; requires anatomy review"
"joints","Pisotriquetral ligament.l","Pisotriquetral ligament.006","No canonical Phase 7 rule; requires anatomy review"
"joints","Pisotriquetral ligament.r","Pisotriquetral ligament.005","No canonical Phase 7 rule; requires anatomy review"
"joints","Radial collateral ligament of wrist joint.r","Radial collateral ligament of wrist joint.005","No canonical Phase 7 rule; requires anatomy review"
"joints","Radiate carpal ligament.l","Radiate carpal ligament.006","No canonical Phase 7 rule; requires anatomy review"
"joints","Radiate carpal ligament.r","Radiate carpal ligament.005","No canonical Phase 7 rule; requires anatomy review"
"joints","Scaphocapitate ligament.l","Scaphocapitate ligament.006","No canonical Phase 7 rule; requires anatomy review"
"joints","Scaphocapitate ligament.r","Scaphocapitate ligament.005","No canonical Phase 7 rule; requires anatomy review"
"joints","Scapholunate interosseous ligament.l","Scapholunate interosseous ligament.006","No canonical Phase 7 rule; requires anatomy review"
"joints","Scapholunate interosseous ligament.r","Scapholunate interosseous ligament.005","No canonical Phase 7 rule; requires anatomy review"
"joints","Scaphotrapeziotrapezoidal ligament.l","Scaphotrapeziotrapezoidal ligament.006","No canonical Phase 7 rule; requires anatomy review"
"joints","Scaphotrapeziotrapezoidal ligament.r","Scaphotrapeziotrapezoidal ligament.005","No canonical Phase 7 rule; requires anatomy review"
"joints","Trapeziotrapezoidal interosseous ligament.l","Trapeziotrapezoidal interosseous ligament.006","No canonical Phase 7 rule; requires anatomy review"
"joints","Trapeziotrapezoidal interosseous ligament.r","Trapeziotrapezoidal interosseous ligament.005","No canonical Phase 7 rule; requires anatomy review"
"joints","Trapezoideocapitate interosseous ligament.l","Trapezoideocapitate interosseous ligament.006","No canonical Phase 7 rule; requires anatomy review"
"joints","Trapezoideocapitate interosseous ligament.r","Trapezoideocapitate interosseous ligament.005","No canonical Phase 7 rule; requires anatomy review"
"joints","Triquetrocapitate ligament.l","Triquetrocapitate ligament.006","No canonical Phase 7 rule; requires anatomy review"
"joints","Triquetrocapitate ligament.r","Triquetrocapitate ligament.005","No canonical Phase 7 rule; requires anatomy review"
"joints","Triquetrohamate ligament.l","Triquetrohamate ligament.006","No canonical Phase 7 rule; requires anatomy review"
"joints","Triquetrohamate ligament.r","Triquetrohamate ligament.005","No canonical Phase 7 rule; requires anatomy review"
"joints","Ulnar collateral ligament of wrist joint.r","Ulnar collateral ligament of wrist joint.005","No canonical Phase 7 rule; requires anatomy review"
"joints","Dorsal metacarpal ligaments.l","Dorsal metacarpal ligaments.006","No canonical Phase 7 rule; requires anatomy review"
"joints","Dorsal metacarpal ligaments.r","Dorsal metacarpal ligaments.005","No canonical Phase 7 rule; requires anatomy review"
"joints","Interosseous metacarpal ligaments.l","Interosseous metacarpal ligaments.006","No canonical Phase 7 rule; requires anatomy review"
"joints","Interosseous metacarpal ligaments.r","Interosseous metacarpal ligaments.005","No canonical Phase 7 rule; requires anatomy review"
"joints","Palmar metacarpal ligaments.l","Palmar metacarpal ligaments.006","No canonical Phase 7 rule; requires anatomy review"
"joints","Palmar metacarpal ligaments.r","Palmar metacarpal ligaments.005","No canonical Phase 7 rule; requires anatomy review"
"joints","Articular capsules of distal interphalangeal joints.l","Articular capsules of distal interphalangeal joints.006","No canonical Phase 7 rule; requires anatomy review"
"joints","Articular capsules of distal interphalangeal joints.r","Articular capsules of distal interphalangeal joints.005","No canonical Phase 7 rule; requires anatomy review"
"joints","Articular capsules of proximal interphalangeal joints.l","Articular capsules of proximal interphalangeal joints.006","No canonical Phase 7 rule; requires anatomy review"
"joints","Articular capsules of proximal interphalangeal joints.r","Articular capsules of proximal interphalangeal joints.005","No canonical Phase 7 rule; requires anatomy review"
"joints","Collateral interphalangeal ligaments of hand.l","Collateral interphalangeal ligaments of hand.006","No canonical Phase 7 rule; requires anatomy review"
"joints","Collateral interphalangeal ligaments of hand.r","Collateral interphalangeal ligaments of hand.005","No canonical Phase 7 rule; requires anatomy review"
"joints","Palmar interphalangeal ligaments.l","Palmar interphalangeal ligaments.006","No canonical Phase 7 rule; requires anatomy review"
"joints","Palmar interphalangeal ligaments.r","Palmar interphalangeal ligaments.005","No canonical Phase 7 rule; requires anatomy review"
"joints","Articular capsules of metacarpophalangeal joints.l","Articular capsules of metacarpophalangeal joints.006","No canonical Phase 7 rule; requires anatomy review"
"joints","Articular capsules of metacarpophalangeal joints.r","Articular capsules of metacarpophalangeal joints.005","No canonical Phase 7 rule; requires anatomy review"
"joints","Collateral metacarpophalangeal ligaments.l","Collateral metacarpophalangeal ligaments.006","No canonical Phase 7 rule; requires anatomy review"
"joints","Collateral metacarpophalangeal ligaments.r","Collateral metacarpophalangeal ligaments.005","No canonical Phase 7 rule; requires anatomy review"
"joints","Deep transverse metacarpal ligament.l","Deep transverse metacarpal ligament.006","No canonical Phase 7 rule; requires anatomy review"
"joints","Deep transverse metacarpal ligament.r","Deep transverse metacarpal ligament.005","No canonical Phase 7 rule; requires anatomy review"
"joints","Dorsal radiocarpal ligament.l","Dorsal radiocarpal ligament.006","No canonical Phase 7 rule; requires anatomy review"
"joints","Dorsal radiocarpal ligament.r","Dorsal radiocarpal ligament.005","No canonical Phase 7 rule; requires anatomy review"
"joints","Radial collateral ligament of wrist joint.l","Radial collateral ligament of wrist joint.006","No canonical Phase 7 rule; requires anatomy review"
"joints","Radiocapitate ligament.l","Radiocapitate ligament.006","No canonical Phase 7 rule; requires anatomy review"
"joints","Radiocapitate ligament.r","Radiocapitate ligament.005","No canonical Phase 7 rule; requires anatomy review"
"joints","Radioscaphocapitate ligament.l","Radioscaphocapitate ligament.006","No canonical Phase 7 rule; requires anatomy review"
"joints","Radioscaphocapitate ligament.r","Radioscaphocapitate ligament.005","No canonical Phase 7 rule; requires anatomy review"
"joints","Ulnar collateral ligament of wrist joint.l","Ulnar collateral ligament of wrist joint.006","No canonical Phase 7 rule; requires anatomy review"
"joints","Ulnocapitate ligament.l","Ulnocapitate ligament.006","No canonical Phase 7 rule; requires anatomy review"
"joints","Ulnocapitate ligament.r","Ulnocapitate ligament.005","No canonical Phase 7 rule; requires anatomy review"
"joints","Ulnolunate ligament.l","Ulnolunate ligament.006","No canonical Phase 7 rule; requires anatomy review"
"joints","Ulnolunate ligament.r","Ulnolunate ligament.005","No canonical Phase 7 rule; requires anatomy review"
"joints","Ulnopisiform ligament","Ulnopisiform ligament.005","No canonical Phase 7 rule; requires anatomy review"
"joints","Ulnopisiform ligament.l","Ulnopisiform ligament.006","No canonical Phase 7 rule; requires anatomy review"
"joints","Ulnotriquetral ligament.l","Ulnotriquetral ligament.006","No canonical Phase 7 rule; requires anatomy review"
"joints","Ulnotriquetral ligament.r","Ulnotriquetral ligament.005","No canonical Phase 7 rule; requires anatomy review"
"joints","Coraco-acromial ligament.l","Coraco-acromial ligament.006","No canonical Phase 7 rule; requires anatomy review"
"joints","Coraco-acromial ligament.r","Coraco-acromial ligament.005","No canonical Phase 7 rule; requires anatomy review"
"joints","Inferior transverse scapular ligament.l","Inferior transverse scapular ligament.006","No canonical Phase 7 rule; requires anatomy review"
"joints","Inferior transverse scapular ligament.r","Inferior transverse scapular ligament.005","No canonical Phase 7 rule; requires anatomy review"
"joints","Superior transverse scapular ligament.l","Superior transverse scapular ligament.006","No canonical Phase 7 rule; requires anatomy review"
"joints","Superior transverse scapular ligament.r","Superior transverse scapular ligament.005","No canonical Phase 7 rule; requires anatomy review"
"joints","Acromioclavicular ligament.l","Acromioclavicular ligament.006","No canonical Phase 7 rule; requires anatomy review"
"joints","Acromioclavicular ligament.r","Acromioclavicular ligament.005","No canonical Phase 7 rule; requires anatomy review"
"joints","Articular capsule of acromioclavicular joint.l","Articular capsule of acromioclavicular joint.006","No canonical Phase 7 rule; requires anatomy review"
"joints","Articular capsule of acromioclavicular joint.r","Articular capsule of acromioclavicular joint.005","No canonical Phase 7 rule; requires anatomy review"
"joints","Articular disc of acromioclavicular joint.l","Articular disc of acromioclavicular joint.006","No canonical Phase 7 rule; requires anatomy review"
"joints","Articular disc of acromioclavicular joint.r","Articular disc of acromioclavicular joint.005","No canonical Phase 7 rule; requires anatomy review"
"joints","Conoid ligament.l","Conoid ligament.006","No canonical Phase 7 rule; requires anatomy review"
"joints","Conoid ligament.r","Conoid ligament.005","No canonical Phase 7 rule; requires anatomy review"
"joints","Trapezoid ligament.l","Trapezoid ligament.006","No canonical Phase 7 rule; requires anatomy review"
"joints","Trapezoid ligament.r","Trapezoid ligament.005","No canonical Phase 7 rule; requires anatomy review"
"joints","Anterior sternoclavicular ligament.l","Anterior sternoclavicular ligament.006","No canonical Phase 7 rule; requires anatomy review"
"joints","Anterior sternoclavicular ligament.r","Anterior sternoclavicular ligament.005","No canonical Phase 7 rule; requires anatomy review"
"joints","Articular capsule of sternoclavicular joint.l","Articular capsule of sternoclavicular joint.006","No canonical Phase 7 rule; requires anatomy review"
"joints","Articular capsule of sternoclavicular joint.r","Articular capsule of sternoclavicular joint.005","No canonical Phase 7 rule; requires anatomy review"
"joints","Articular disc of sternoclavicular joint.l","Articular disc of sternoclavicular joint.006","No canonical Phase 7 rule; requires anatomy review"
"joints","Articular disc of sternoclavicular joint.r","Articular disc of sternoclavicular joint.005","No canonical Phase 7 rule; requires anatomy review"
"joints","Costoclavicular ligament.l","Costoclavicular ligament.006","No canonical Phase 7 rule; requires anatomy review"
"joints","Costoclavicular ligament.r","Costoclavicular ligament.005","No canonical Phase 7 rule; requires anatomy review"
"joints","Interclavicular ligament.l","Interclavicular ligament.006","No canonical Phase 7 rule; requires anatomy review"
"joints","Interclavicular ligament.r","Interclavicular ligament.005","No canonical Phase 7 rule; requires anatomy review"
"joints","Posterior sternoclavicular ligament.l","Posterior sternoclavicular ligament.006","No canonical Phase 7 rule; requires anatomy review"
"joints","Posterior sternoclavicular ligament.r","Posterior sternoclavicular ligament.005","No canonical Phase 7 rule; requires anatomy review"
"joints","Intervertebral disc C2-C3","Intervertebral disc C2-C3.002","No canonical Phase 7 rule; requires anatomy review"
"joints","Intervertebral disc C3-C4","Intervertebral disc C3-C4.002","No canonical Phase 7 rule; requires anatomy review"
"joints","Intervertebral disc C4-C5","Intervertebral disc C4-C5.002","No canonical Phase 7 rule; requires anatomy review"
"joints","Intervertebral disc C5-C6","Intervertebral disc C5-C6.002","No canonical Phase 7 rule; requires anatomy review"
"joints","Intervertebral disc C6-C7","Intervertebral disc C6-C7.002","No canonical Phase 7 rule; requires anatomy review"
"joints","Intervertebral disc C7-T1","Intervertebral disc C7-T1.002","No canonical Phase 7 rule; requires anatomy review"
"joints","Intervertebral disc L1-L2","Intervertebral disc L1-L2.002","No canonical Phase 7 rule; requires anatomy review"
"joints","Intervertebral disc L2-L3","Intervertebral disc L2-L3.002","No canonical Phase 7 rule; requires anatomy review"
"joints","Intervertebral disc L3-L4","Intervertebral disc L3-L4.002","No canonical Phase 7 rule; requires anatomy review"
"joints","Intervertebral disc L4-L5","Intervertebral disc L4-L5.002","No canonical Phase 7 rule; requires anatomy review"
"joints","Intervertebral disc L5-S1","Intervertebral disc L5-S1.002","No canonical Phase 7 rule; requires anatomy review"
"joints","Intervertebral disc T1-T2","Intervertebral disc T1-T2.002","No canonical Phase 7 rule; requires anatomy review"
"joints","Intervertebral disc T2-T3","Intervertebral disc T2-T3.002","No canonical Phase 7 rule; requires anatomy review"
"joints","Intervertebral disc T3-T4","Intervertebral disc T3-T4.002","No canonical Phase 7 rule; requires anatomy review"
"joints","Intervertebral disc T4-T5","Intervertebral disc T4-T5.002","No canonical Phase 7 rule; requires anatomy review"
"joints","Intervertebral disc T5-T6","Intervertebral disc T5-T6.002","No canonical Phase 7 rule; requires anatomy review"
"joints","Intervertebral disc T6-T7","Intervertebral disc T6-T7.002","No canonical Phase 7 rule; requires anatomy review"
"joints","Intervertebral disc T7-T8","Intervertebral disc T7-T8.002","No canonical Phase 7 rule; requires anatomy review"
"joints","Intervertebral disc T8-T9","Intervertebral disc T8-T9.002","No canonical Phase 7 rule; requires anatomy review"
"joints","Intervertebral disc T9-T10","Intervertebral disc T9-T10.002","No canonical Phase 7 rule; requires anatomy review"
"joints","Intervertebral disc T10-T11","Intervertebral disc T10-T11.002","No canonical Phase 7 rule; requires anatomy review"
"joints","Intervertebral disc T11-T12","Intervertebral disc T11-T12.002","No canonical Phase 7 rule; requires anatomy review"
"joints","Intervertebral disc T12-L1","Intervertebral disc T12-L1.002","No canonical Phase 7 rule; requires anatomy review"
"joints","Nucleus pulposus C2-C3","Nucleus pulposus C2-C3.002","No canonical Phase 7 rule; requires anatomy review"
"joints","Nucleus pulposus C3-C4","Nucleus pulposus C3-C4.002","No canonical Phase 7 rule; requires anatomy review"
"joints","Nucleus pulposus C4-C5","Nucleus pulposus C4-C5.002","No canonical Phase 7 rule; requires anatomy review"
"joints","Nucleus pulposus C5-C6","Nucleus pulposus C5-C6.002","No canonical Phase 7 rule; requires anatomy review"
"joints","Nucleus pulposus C6-C7","Nucleus pulposus C6-C7.002","No canonical Phase 7 rule; requires anatomy review"
"joints","Nucleus pulposus C7-T1","Nucleus pulposus C7-T1.002","No canonical Phase 7 rule; requires anatomy review"
"joints","Nucleus pulposus L1-L2","Nucleus pulposus L1-L2.002","No canonical Phase 7 rule; requires anatomy review"
"joints","Nucleus pulposus L2-L3","Nucleus pulposus L2-L3.002","No canonical Phase 7 rule; requires anatomy review"
"joints","Nucleus pulposus L3-L4","Nucleus pulposus L3-L4.002","No canonical Phase 7 rule; requires anatomy review"
"joints","Nucleus pulposus L4-L5","Nucleus pulposus L4-L5.002","No canonical Phase 7 rule; requires anatomy review"
"joints","Nucleus pulposus L5-S1","Nucleus pulposus L5-S1.002","No canonical Phase 7 rule; requires anatomy review"
"joints","Nucleus pulposus T1-T2","Nucleus pulposus T1-T2.002","No canonical Phase 7 rule; requires anatomy review"
"joints","Nucleus pulposus T2-T3","Nucleus pulposus T2-T3.002","No canonical Phase 7 rule; requires anatomy review"
"joints","Nucleus pulposus T3-T4","Nucleus pulposus T3-T4.002","No canonical Phase 7 rule; requires anatomy review"
"joints","Nucleus pulposus T4-T5","Nucleus pulposus T4-T5.002","No canonical Phase 7 rule; requires anatomy review"
"joints","Nucleus pulposus T5-T6","Nucleus pulposus T5-T6.002","No canonical Phase 7 rule; requires anatomy review"
"joints","Nucleus pulposus T6-T7","Nucleus pulposus T6-T7.002","No canonical Phase 7 rule; requires anatomy review"
"joints","Nucleus pulposus T7-T8","Nucleus pulposus T7-T8.002","No canonical Phase 7 rule; requires anatomy review"
"joints","Nucleus pulposus T8-T9","Nucleus pulposus T8-T9.002","No canonical Phase 7 rule; requires anatomy review"
"joints","Nucleus pulposus T9-T10","Nucleus pulposus T9-T10.002","No canonical Phase 7 rule; requires anatomy review"
"joints","Nucleus pulposus T10-T11","Nucleus pulposus T10-T11.002","No canonical Phase 7 rule; requires anatomy review"
"joints","Nucleus pulposus T11-T12","Nucleus pulposus T11-T12.002","No canonical Phase 7 rule; requires anatomy review"
"joints","Nucleus pulposus T12-L1","Nucleus pulposus T12-L1.002","No canonical Phase 7 rule; requires anatomy review"
"joints","Sacrococcygeal symphysis","Sacrococcygeal symphysis.002","No canonical Phase 7 rule; requires anatomy review"
"joints","Anterior longitudinal ligament","Anterior longitudinal ligament.003","No canonical Phase 7 rule; requires anatomy review"
"joints","Intercornual ligament.l","Intercornual ligament.006","No canonical Phase 7 rule; requires anatomy review"
"joints","Intercornual ligament.r","Intercornual ligament.005","No canonical Phase 7 rule; requires anatomy review"
"joints","Interspinous ligaments","Interspinous ligaments.003","No canonical Phase 7 rule; requires anatomy review"
"joints","Intertransverse ligaments.l","Intertransverse ligaments.006","No canonical Phase 7 rule; requires anatomy review"
"joints","Intertransverse ligaments.r","Intertransverse ligaments.005","No canonical Phase 7 rule; requires anatomy review"
"joints","Ligamenta flava","Ligamenta flava.003","No canonical Phase 7 rule; requires anatomy review"
"joints","Nuchal ligament","Nuchal ligament.003","No canonical Phase 7 rule; requires anatomy review"
"joints","Posterior longitudinal ligament","Posterior longitudinal ligament.003","No canonical Phase 7 rule; requires anatomy review"
"joints","Supraspinous ligament","Supraspinous ligament.003","No canonical Phase 7 rule; requires anatomy review"
"joints","Quadrangular membrane.l","Quadrangular membrane.002","No canonical Phase 7 rule; requires anatomy review"
"joints","Quadrangular membrane.r","Quadrangular membrane.002","No canonical Phase 7 rule; requires anatomy review"
"joints","Median cricothyroid ligament","Median cricothyroid ligament.002","No canonical Phase 7 rule; requires anatomy review"
"joints","Lateral thyrohyoid ligament.l","Lateral thyrohyoid ligament.002","No canonical Phase 7 rule; requires anatomy review"
"joints","Lateral thyrohyoid ligament.r","Lateral thyrohyoid ligament.002","No canonical Phase 7 rule; requires anatomy review"
"joints","Median thyrohyoid ligament","Median thyrohyoid ligament.002","No canonical Phase 7 rule; requires anatomy review"
"joints","Cricopharyngeal ligament.l","Cricopharyngeal ligament.002","No canonical Phase 7 rule; requires anatomy review"
"joints","Cricopharyngeal ligament.r","Cricopharyngeal ligament.002","No canonical Phase 7 rule; requires anatomy review"
"joints","External intercostal membrane.l","External intercostal membrane.006","No canonical Phase 7 rule; requires anatomy review"
"joints","External intercostal membrane.r","External intercostal membrane.005","No canonical Phase 7 rule; requires anatomy review"
"joints","Internal intercostal membrane.l","Internal intercostal membrane.006","No canonical Phase 7 rule; requires anatomy review"
"joints","Internal intercostal membrane.r","Internal intercostal membrane.005","No canonical Phase 7 rule; requires anatomy review"
"joints","Costotransverse ligament.l","Costotransverse ligament.006","No canonical Phase 7 rule; requires anatomy review"
"joints","Costotransverse ligament.r","Costotransverse ligament.005","No canonical Phase 7 rule; requires anatomy review"
"joints","Intra-articular ligament of head of rib","Intra-articular ligament of head of rib.006","No canonical Phase 7 rule; requires anatomy review"
"joints","Intra-articular ligament of head of rib.r","Intra-articular ligament of head of rib.005","No canonical Phase 7 rule; requires anatomy review"
"joints","Radiate ligament of head of rib.l","Radiate ligament of head of rib.005","No canonical Phase 7 rule; requires anatomy review"
"joints","Radiate ligament of head of rib.r","Radiate ligament of head of rib.006","No canonical Phase 7 rule; requires anatomy review"
